verb,verbgerund,verbpast,sent1,sent2,sent3,sent4,sent5,sent6,sent7,sent8,sent9,sent10
love,loving,loved,Shelties love to run in wide-open areas .,"Ozzy , Mom loves your stuff .","Our heartfelt condolences to all his family , friends and loved ones .",That night Elsie tells Mary how she did not love Sir William but did not mind him .,Duane Allman loved the area and frequently returned to the Shoals for session work throughout his life .,"But since the two rarely come together , anyone compelled to choose will find greater security in being feared than in being loved .","Jacob loves Rachel more than Leah , and Leah feels hated .","Disgusted by the arrangement , Trippy leaves home to fight in the Lafayette Escadrille in World War I. Job loves Fanny , but she all but ignores him .","Despite his austerity , John was loved .","As Creed is announced the winner by split decision , Adrian and Rocky embrace , and Rocky tells her that he loves her ."
help,helping,helped,Turkey 's participation in the war helped it become a NATO member .,"Iranian scientists are also helping construct the Compact Muon Solenoid , a detector for CERN 's Large Hadron Collider .","Nikita Khrushchev agreed to help , offering advanced weaponry and technical advisors .","Scientists hope that studying the Kerguelen sub-continent will help them discover how Australia , India , and Antarctica broke apart .",Some species also form floating rafts that help them survive floods .,"Several organisations , such as the , exist to help coordinate these contributions .",The early Crusades helped to clarify the moral code of chivalry as it related to religion .,"My constituents do n't know how to read , but they ca n't help seeing them damned pictures !",Joint public-private public works projects helped reduce unemployment .,"In such locations , the folk material serves as an element of stability , helping to anchor the larger structure ."
give,giving,given,"In 1375 Pope Gregory XI gave them the Rule of St Augustine , with set of constitutions .",The number of ways a given ADT can be implemented depends on the programming language .,Bush claimed that Zubaydah gave information that lead to al Shibh 's capture .,"The film won the Academy Award for Best Picture of 1940. The statuette was given to Selznick , as the film 's producer .",Guru Gobind Singh gave the five Sikhs five palmsful each of it to drink .,"Aluminium phosphide , AlP , is made similarly , and hydrolyses to give phosphine .","Faravahar floats above , giving his blessing to the king .",The concentration is given by c = Acorrected / .,The assignment was originally given to the ageing Bartolommeo Bandinelli .,"Since 1966 , the Turing Award has been given annually by the Association for Computing Machinery to a person for technical contributions to the computing community ."
feel,feeling,felt,The Athenians felt obliged to assist their ally .,Lear felt lifelong guilt and shame for his epileptic condition .,"Some people feel unusually refreshed or euphoric after an attack , whereas others note depression and malaise .","When more serious the diver may begin to feel invulnerable , disregarding normal safe diving practices .",Rosa thus feels obliged to make his stories factually consistent .,"These limbs can itch , ache , burn , feel tense , dry or wet , locked in or trapped or they can feel as if they are moving .",Radames feels dishonored .,"When Angela then asks how Lester is , he realizes , to his own surprise , that he feels great .","In his 1996 autobiography , Jennings admitted that in the years afterward , he felt severe guilt and responsibility for the crash .","Scott feels that he belongs only with the X-Men , and this upsets Jean ."
mind,minding,minded,"Csatari does not mind these comparisons and critiques , nor did Rockwell .","Matter and the sensible universe are the relations between particular organisms , that is , mind organized into consciousness , and the rest of the world .","Eeyore does n't mind , though , since he likes it this way , and later , Pooh brings the empty pot .",Ruth slept with other men and Bodenheim seemed not to mind .,"For some reason , _____ comes to mind .",1. Do You Mind My Dream 4. Feel Like Snakes Twisting Through The Fog 15. A Silver Key Can Open An Iron Lock Somewhere 17. Blue Is All In Rush,"Trinity Academy of Raleigh is an open minded Classical Christian Methodist School located in Raleigh , North Carolina .",All burdens of body and mind derive from not following this simple Truth .,Mind Your Language .,Many socially conscious and community minded Filipino emcees often do benefit shows to help out the Filipino community locally and internationally .
shut,shutting,shut,"Ideally , the control gear should shut down the tube when this happens .","The furnace produced 1,860 tons of pig iron in its last active year , 1855. It was then shut down , and abandoned .",These proteins are often used to shut down host defenses .,Cellular metabolic processes shut down .,"Consequently for a period in the early 1960s , the Everlys were shut off from Acuff-Rose songwriters .",The defensive line can shut down the opposition 's offense completely .,This line may also shut at any time .,"USA had a fairly uneventful semi-final , shutting out Sweden .",The Safeguard board then ordered Musser to shut Novell down .,By the 1850s Tibet had banned all foreigners from Tibet and shut its borders to all outsiders .
bring,bringing,brought,1915 brought significant changes to the team .,"IKEA Croydon , when it was built in 1992 , brought many non-skilled jobs to Croydon .","After 1945 , for both practical and ideological reasons , the government decided to bring the rail service into the public sector .","Alexander mustered his forces , bringing legions , and crossed the Rhine into Germany on a pontoon bridge .","As new technologies become available , old designs may be brought up to date and existing units upgraded .","On the flip side , these trades brought promising youngsters Derrek Lee and A. J. Burnett .",This also brought a large wave of immigrants from European and Middle Eastern countries .,The end of the Canadian eugenics movement was brought about when the Sexual Sterilization Act was repealed in 1972. Australia .,"In 1999 , with the designs complete , Chiaki J. Konaka was brought on as head writer .","From this , Atum-Raa uttered the words of creation to bring life into the world ."
see,seeing,seen,Bayezid II 's final years saw a succession battle between his sons Selim and Ahmed .,Electrification saw further advances in elementary assembly line production in the early 20th century .,Many other ground- and balloon-based experiments are also currently running ; see Cosmic microwave background experiments .,"As a result , groups that rejected infant baptism were seen as subversive and were often persecuted .",This is seen by many as the culmination of generations of antisemitism in Europe .,The 1959 season saw the Braves finish the season in a tie with the Los Angeles Dodgers .,The Black Sea was a significant naval theatre of World War I and saw both naval and land battles during World War II .,The 2001 Election also saw the rare election of an independent .,"Major League Baseball , seeing the marketing opportunity , soon began cooperating with the Hall of Fame in promotion and the acquisition of artifacts for display .","Paper tape became obsolete in the 1970s , so this clever aspect of ASCII rarely saw any use ."
want,wanting,wanted,Schumacher wanted to homage both the broad camp style of the 1960s television series and the work of Dick Sprang .,"Allen wanted to use the name Fort Raccoon ; however , the U. S. War Department told him to name it Fort Des Moines .","The Sayyid dynasty , however , had been ousted by Ibrahim Lodhi , a Ghilzai Afghan , and Babur wanted it returned to the Timurids .",The missionaries wanted to convert all Hawaiians to Christianity .,In 2007 the new situation became a source of contention with the European Council wanting to sign the Lisbon Treaty in Lisbon .,"In 1787 , David did not become the Director of the French Academy in Rome , which was a position he wanted dearly .","Germany wanted to gain economic influence in the region and then , perhaps , move on to Iran and India .","However , the leaders of the country wanted to avoid Sigismund and any personal union with Hungary .",The producers originally wanted to cast comedian Sam Kinison as Al Bundy .,PO also wanted to control the law enforcement and the situation ended up in the stalemate .
need,needing,needed,"Later , when a different model needs an audio CD , it can probably fit the same interfaces .","Quite often , medication is needed to enable this .","However , where derived units are needed , the SI ones are generally used and taught today instead of the CGS ones .",Where an inquest is needed .,Years may elapse between one problem needing remediation and the next .,"The introduction of holes reduces the needed volume of clay through the whole process , with the consequent reduction in cost .","Rain water makes excellent soft washwater , but needs antibacterial treatment .","With Lajoie gone , the Naps now needed a new nickname .","The pilot does need an instrument rating to fly in instrument meteorological conditions , and under IFR in controlled airspace .",No further culture will be needed than weeding .
turn,turning,turned,"The river soon changes its northwesterly flow for a due westerly direction , but after receiving the Saane or Sarine it turns north until it nears Aarberg .",World War II was a significant turning point for Choctaws and Native Americans in general .,John Calvin was a French cleric and doctor of law turned Protestant reformer .,"If the minibus exceeds 100km/ h , the beeping will turn into a sustained tone .",Other villains turned up for just one episode .,"This causes the animals to turn against the wooden people ; even their pots and querns rebel , and crush the peoples ' faces .",Ironically the manuscripts turned out to be high quality Victorian forgeries by The Spanish Forger .,"In 1984 , the original Atari Inc. was split , and the arcade division was turned into Atari Games Inc. .",Hermes turned him to stone .,"Mothra turns around , and heads back ."
find,finding,found,The same review also found condom use significantly reduces the risk of gonorrhea for men .,"Although an abundance of artwork involving Christopher Columbus exists , no authentic contemporary portrait has been found .","Tensions between the two generals followed Sharon 's decision , but a military tribunal later found his action was militarily effective .","Go ye down to any town , and ye shall find what ye want !",Lost and found advertising on papyrus was common in Ancient Greece and Ancient Rome .,"Thus , for example , archeologists found fresh-water snail shells and man-made structures in roughly of water off the Black Sea coast of modern Turkey .","In some cases the traditional view on authorship has been overturned ; in others , additional support , at least in part has been found .","Naturally , if the verb is intransitive , the direct object is not found .",Aspects of art are found in chess composition .,In the process one or both parties may find their inner landscape and paradigms changing .
worry,worrying,worried,Abraham worries over how much he has changed .,Agnes 's parents worry about their daughter and try to be reassuring .,"Grissom said he saw the deployment and felt some resulting pulsating motion , but not enough to worry him .",The government had been increasingly worried that AT&T and the other Bell Companies were monopolizing the industry .,"Christ always said , Do not worry , give yourself .","The surface was a little damp , but nothing to worry about .",The Colonel tells him not to worry -- it 's his sickly cousin Fosca .,Government officials worried that the image subliminally persuaded gamblers to continue gambling ; the company claimed that the image was a coding error .,Deputy White House Counsel Vince Foster became worried about the firings about to take place and ordered the KPMG Peat Marwick review .,"More average Ones worry about their material well-being , and have a strong drive for self-gratification ."
wonder,wondering,wondered,"A few centuries passed , and then Ezekiel , passing by , stopped over them , wondering .",Cross wonders how Soneji knows about him or that he was even involved .,"A warier public wondered whether these anecdotes really proved anything , and often doubted their genuineness .",That prompted many fans to wonder if the character owned any other clothes .,"Jakeem briefly wonders how this has happened , but decides to figure it out later .","Kelemvor wondered how he could judge the damned , when he himself failed in his own personal judgement .","Back in their real time , the heroes all wonder what had happened .","In fact , many worried fans wondered if the younger Allison 's career was over .","Melody Maker called it 'almost perfect ' , and the NME and Time Out wondered why on earth no major label had signed them .",Hypnotists observed second personalities emerging during hypnosis and wondered how two minds could coexist .
try,trying,tried,"At first Innocent tried pacific conversion , and sent a number of legates into the Cathar regions .","According to the study , more than nine out of 10 consumers are familiar with and have tried these foods , and about half report eating them frequently .","In the 1930s , at Duke University in North Carolina , J. B. Rhine and his wife Louisa tried to develop psychical research into an experimental science .","Isaac was the only patriarch who did not leave Canaan , although he once tried to leave and God told him not to do so .","Then , in the Autumn of 1497 , a man named Perkin Warbeck tried to usurp the throne from Henry VII .","Those rioters who were caught were tried and hanged , or transported for life .","Butt-head got annoyed by this , and tried to snap Beavis out of his seemingly catatonic state .",The person receiving the basket would try to catch the fleeing giver .,"Using a gambit from the show , the actors fake a fight amongst themselves , escape , and proceed to try and rescue the Thermians and destroy Sarris .",Nora tries but fails .
use,using,used,"On 14 February 1876 , Gray filed a caveat with the U. S. Patent Office for a telephone design that used a water transmitter .",The only modern equipment used is related to safety and timing .,Ancient Armenian manuscripts used many ligatures to save space .,The acts use this time for essential maintenance and practice .,"Abaca fibre was once used primarily for rope , but this application is now of minor significance .","There also remains a strong a cappella presence within Christian music , as some denominations purposefully do not use instruments during worship .",Approximately 80 percent of the acetylene produced annually in the United States is used in chemical synthesis .,"The most commonly used mouse model is G93A , although many others have since been generated .","Shortly after Napoleon became First Consul and then emperor , using the office to spread the revolution throughout Europe .",Acacia seeds are often used for food and a variety of other products .
like,liking,liked,Lucille Ball liked naming supporting characters after real-life people .,"Yukon Cornelius : You eat what you like , and I 'll eat what I like !","A query with variables , like : enumerates all valid answers on backtracking .","The band members like to remain anonymous , although the compositions are credited to Arkenstone .",Cavendish notes that her husband liked her bashfulness .,Papa liked them !,"In the same way , functions could return several values , like .",Studio president and Chief Operating Officer Terry Semel liked the idea .,Ranches and farms like that of the Bela and Fain families were located nearby .,"'I do n't read music , ' he confessed , 'but I know what I like ."
thank,thanking,thanked,Thank You for the Venom .,"Scott announces that he wants to go and find the Doctor , but Nyssa replies that the Doctor will not thank them for their efforts .","If that 's true , thank you world .","Once again , thank you all for the good moments and memories",thank you byeee,Berry neither spoke to nor thanked the band after the show .,i thank all the people who have provided this information,"After his release , Fountain went on a speaking tour and thanked Whittier for writing his story .",The credits of the film also thank the Ute Tribe for filming in the Ute Mountain reservation .,"Dammers read out a four page poem , in which he thanked Peel for helping his own band , and for supporting black musicians ."
sit,sitting,sat,"No one has an office ; everyone , even Otellini , sits in a cubicle .","However , not every monoid sits inside a group .","Macdonald and his son , Hugh John Macdonald , briefly sat together in the Canadian House of Commons before the elder Macdonald 's death .","A parliament was created , which mostly sat in Drogheda , until the Tudors took greater interest in Irish affairs from 1485 and moved it back to Dublin .","There are three basic spin positions in figure skating : the sit spin , the camel spin , and the upright spin .","The dealer sits out for that round , but the position rotates among the players .","The city sits on the left bank of the Paraguay River , almost at the confluence of this river with the River Pilcomayo .","India , the major portion of the Indian subcontinent , sits atop the Indian tectonic plate , a minor plate within the Indo-Australian Plate .","When a dog is first taught to sit , it is given a biscuit .","Technically speaking , one of the goals in the Stade Louis II sits in the territory of Monaco , and the other in France ."
pay,paying,paid,The adult single Oyster fare is 0.90 and 16-17 or New Deal Photocard holders pay 0.50 .,"Primary schools in particular still lack resources , and the teachers are less well paid than their secondary school colleagues .",The La Liga side paid $4.3 million to Steaua for him .,"These principalities , including the Ottomans under Orhan until the reign of his son Murat I , were still paying yearly tribute to the Ilkhanids in Persia .","In the Roman Empire , honey was possibly used instead of gold to pay taxes .","From 1180 to 1183 the tension between Henry and Richard grew , as King Henry commanded Richard to pay homage to Henry the Young King , but Richard refused .",Both of these priorities would pay crucial dividends in the Battle of Britain .,"The Weavers were the first American band to court mainstream success while singing protest songs , and they were eventually to pay the price for it .","The stock is the same nonnegotiable stock as banks receive , cannot be sold and pays a small dividend .",J. S. Duss won the lawsuits and paid the society 's indebtedness .
make,making,made,"Karpov went up 3-0 , but tired towards the end and allowed Korchnoi two wins , making for a nervy finish .","The short 100-day growing season limits the crops that can be grown , but the long sunny summer days make for productive growing seasons .",The problem became so large that some carriers required the use of a PIN before making calls .,The project was cancelled after prototypes were made .,Malik first escaped to Iran for sanctuary and later chose to make Washington DC his permanent residence .,"The war , and especially this victory , made Jackson a national hero .","' Serious doubts harassed him at times , and made him very unhappy .",Changes were also made to the S-II second stage to stop pogo oscillations .,Amtrak 's Texas Eagle makes several stops in Arkansas daily on its run from Chicago to San Antonio and Los Angeles .,"However , the difference between these systems is what makes analog computing useful ."
write,writing,written,"His major works were written here , including three symphonies , a Requiem and a Christmas Oratorio .",The Christian texts use the same creation myth as Jewish mythology as written in the Old Testament .,Most of it followed traditional forms and the aesthetic norms were handed down orally as well as written .,"In each step , elements written in bold are being compared .","At the request of Jon Postel , Paul Mockapetris invented the Domain Name System in 1983 and wrote the first implementation .",Franklin frequently wrote under pseudonyms .,"Steinmetz had written 13 books and 60 articles , not all about science .",Basque is written using the Latin alphabet .,"Two hundred years before Michell wrote the above , there were no archaeoastronomers and there were no professional archaeologists , but there were astronomers and antiquarians .","Though the original draft was written in 1761 , he made additions to it year after year until his death twenty-three years later ."
start,starting,started,120 of these ships either started or ended the cruise in Copenhagen .,"In the 2000s , traditional cocktails and gin are starting to make a comeback .",In 1968 Clapton bought a Gibson Firebird and started using the 1964 Cherry-Red Gibson ES-335 again .,Fidrych was the starting pitcher for the American League in the All Star Game played that year in Philadelphia to celebrate the American Bicentennial .,Inverting twice gets you back where you started .,"From this point , things started to move very quickly for Satie .","Starting in the west , there are two corridors that suggest bringing Tramlink to Sutton town centre .","As the sand grains get trapped they start to accumulate , this is the start of dune formation .","At this point , the thrower will then start his or her delivery .","When an interactive shell that is not a login shell is started , Bash reads and executes commands from ~/ ."
call,calling,called,"Called Aphrodite drones , operation 'CASTOR ' was begun on June 23 , 1944 , using the 388th Bombardment Group at Knettishall .",A bijective function from a set to itself is also called a permutation .,These were mineral spirit-based paints called Magna offered by Bocour Artist Colors .,"In 1968 , a theme park called Dogpatch USA opened at Marble Falls , Arkansas , based on Capp 's work and with his support .","Due to this incident , the nearby stream was called the Battle Creek River .",The latter is sometimes called the shrapnel configuration .,"In 1925 , AT&T created a new unit called Bell Telephone Laboratories , commonly known as Bell Labs .",Clocks with hands are called analog ; those that display digits are called digital .,This is called economical adaptation .,Sites contain objects called Subnets .
take,taking,taken,"On June 25 , Jarrah took al-Haznawi to Holy Cross Hospital in Fort Lauderdale on advice of his landlord Charles Lisa .","To find such objects astrometrically , astronomers use telescopes to survey the sky and large-area cameras to take pictures at various determined intervals .",The latter took her into the royal harem and enriched Abram with herds and servants .,Aung San Suu Kyi returned to Burma in 1988 to take care of her ailing mother .,"In the atelier , his models moved about and took positions without manipulation .","Then , all the winged breeding ants take flight .",This was the first time ever the Bulgarian Navy took part in an international peacekeeping operation .,Settlers rapidly arrived to take advantage of fertile soils .,"Arcadius ' new advisor , the eunuch Eutropius , simply took Rufinus ' place as the power behind the Eastern imperial throne .",The original BNP emerged during World War II when a handful of former members of the British Union of Fascists took on the name .
go,going,gone,"Note that uppercase Latin Bayer designations never went beyond Q , and names such as R Leporis and W Ursae Majoris are variable star designations , not Bayer designations .","Charlemagne went to war , leading an army to Bordeaux , where he set up a camp at Fronsac .",DiFranco went on to perform at the 2008 Democratic National Convention .,Thrill-seeking kayakers go there during large tide changes to surf the standing waves and brave the class 2 and 3 rapid conditions .,"This act cost the region dearly ; with so many skilled artisans and agricultural labourers gone , the feudal nobility found itself sliding into bankruptcy .","The team went on to beat Whittier College on February 10th , for its second SCIAC win , and placed its first member on the All Conference team .","The album went to #1 in the UK and Belgium , Top 5 in the Netherlands and West Germany and Top 20 in many other countries .","The scheme is run from the ANC headquarters , Shell House , with all money going to the party .","Also that year Endurance Specialty , the company 's Bermuda-based underwriting operations , went public .",Jains go out of their way so as not to hurt even small insects and other minuscule animals .
hope,hoping,hoped,"Churchill was calm and focused , hoping to promote his Mediterranean plan .",The government hopes an expansion of tourism will boost economic prospects .,Verbrugghen 's impact was incisive but briefer than had been hoped .,No ship with these disadvantages could hope to be commercially successful .,"In doing so , Islamic economists hope to produce a more 'Islamic society ' .","Hoping to contain Germany , the United Kingdom , France and Italy formed the Stresa Front .",The most optimistic pundits hoped for a narrow defeat .,"In the early 1960s , Santana moved again with his family , this time to San Francisco 's Mission District , where his father hoped to find work .","The French hoped to raise 9,000 troops , but the army was not ready in time to relieve Harfleur .","Depending on reader response , Kodansha hopes to subsequently publish the entire Megatokyo book series ."
play,playing,played,"Today clavichords are played primarily by Renaissance , Baroque , and Classical music enthusiasts .",Kay is an avid and skilled musician who plays keyboard instruments and guitar .,"Lynch married actress Emily Stofle in February , 2009. Stofle played in Lynch 's 2006 film Inland Empire .","The trumpet would play fanfare-like passages , while the cornet played more melodic passages .","Cavitation also probably plays a role in HIFU , a thermal noninvasive treatment methodology for cancer .",Carbohydrates play an important role for bodybuilders .,"The 35-match tour of two host nations included no tests , but the side played provincial , city and academic sides , winning 27 matches .",Other instruments played .,The two division winners within each league played each other in a best-of-five series to determine who would advanced to the World Series .,"Beckham was captain of England from 15 November 2000 until the 2006 FIFA World Cup finals , during which he played 58 times ."
buy,buying,bought,"Air passes are obtainable for multiple flights , when buying an international ticket .","Desperate , the village leaders travel to a border town to buy guns to defend themselves .",Grade bought the show and it was produced for broadcast on ITV and overseas .,"At the same time , the general public and Enron 's investors were told to buy the stock .","Carnegie bought Skibo Castle , in Sutherland , Scotland , and made his home partly there and partly in New York .","Most countries require you to buy some , but not all , of these coverages .","Met Office office staff used a LEO I before the Met Office bought its own computer , a Ferranti Mercury .",India has also bought S-300 from Russia European front .,"About 1749 , the family bought a house in the city of Zaragoza and some years later moved into it .","A webmaster creating a new web site either buys the domain name directly from a domain name registrar , or indirectly from a domain name registrar through a domainer ."
get,getting,gotten,"In other words , a vehicle gets the same thrust if it outputs a lot of exhaust very slowly , or a little exhaust very quickly .",And that was the last letter I ever got from him .,"The Indian oil company , Oil and Natural Gas Corporation , has got oil exploration and petroleum development grants in Kazakhstan .",Disguised Klansmen discover her situation and leave to get reinforcements .,The English must have feared that they would n't get out alive .,"Furthermore , Smith , not Jones , is going to get the job .",Twenty years later Charles Martel got his revenge and effectively subjugated the entire Frisian empire .,"However , one of his leading commanders , Zimri , plots against him , and while Elah is getting drunk , Zimri strikes him dead .","Even andouille sausage , mild and smoky in Louisiana , gets the pepper treatment elsewhere .","The amount of water from the monsoon determines whether water will reach the lake and if it does , how deep the lake will get ."
read,reading,read,"A well-designed Forth program reads like natural language , and implements not just a single solution , but also sets of tools to attack related problems .",Writing and reading obfuscated code can be a brain teaser for programmers .,Section 7-8 reads : Eastern Christianity .,age 15 and over can read and write,"Even simple computers usually have one unit to read and write memory , and another to execute user code .","The main presenter is Georgina Bowman , with sports news read by David Garrido .",Bellow also grew up reading William Shakespeare and the great Russian novelists of the 19th century .,Copy protection by read error .,age 15 and over can read and write,The Search operation is used to both search for and read entries .
stop,stopping,stopped,The Serbian army chose to stop its operations when achieved all its territorial goals and only then the Bulgarian army took a breath .,Patient improved neurologically and CSF discharge stopped .,"This influx of investments was stopped in 1991 with the dissolution of the Soviet Union , when Moldova became independent .",Repeaters could detect an improperly terminated link from the continuous collisions and stop forwarding data from it .,"When police pulled Robida over during a later stop , he killed his girlfriend , Jennifer Bailey of Charleston , West Virginia , then opened fire on the police .","If a large total mass of objects escapes in this way , the black hole will spin more slowly and may even stop spinning eventually .",God did not stop being God and become man .,Changes were also made to the S-II second stage to stop pogo oscillations .,"But after the Cold War , construction was stopped at three boats .","At the Battle of Tours , the Franks under Charles Martel stopped short a Muslim invasion ."
stay,staying,stayed,Morin stayed in Saint-Domingue until 1766 when he moved to Jamaica .,"Shocked , Gregory decided to resign his office , but the faction faithful to him induced him to stay and ejected Maximus .",Only Atari and Magnavox stayed in the home console market .,"Overcome by rage , Ahasuerus leaves the room ; meanwhile Haman stays behind and begs Esther for his life , falling upon her in desperation .","The best available evidence indicates that he disappeared in 1863 while staying in Boston , Massachusetts to give lectures .","Buckingham toured with them , while Nicks stayed behind .","In 1863 , Grieg went to Copenhagen , Denmark , and stayed there for three years .","The second half of the film follows Joker , since promoted to sergeant , as he tries to stay sane in Vietnam .","Tall , narrow asparagus cooking pots allow the shoots to be steamed gently , their tips staying out of the water .","In 1946 Peggy brought Ian back to England and they stayed with her sister Mary , a Doctor in Cranham , a small village bordering Upminster ."
let,letting,let,"A play button lets the software automatically advance to the next image , thus playing the video .",The Allies were however not willing to let the Germans trade .,"For example , let , and let .",At present about 100 hectares are farmed in hand and 75 hectares let to neighbouring farmers .,"To prove this , let the ground state wavefunction be .",This lets them write more functionality per time unit .,"For example , the final cause of rain was to let plants grow .","After another visit at Christmas , Priscilla 's parents finally let her move to America for good .",Also let be given .,"Virgil is unable to convince them to let Dante and him enter , and the Furies and Medusa threaten Dante ."
know,knowing,known,"On 9 October , 1793 , Alexander married Louise of Baden , known as Elisabeth Alexeyevna after her conversion to the Orthodox Church .","However , Brown Bears are also known to drive Adult Siberian Tigers off kills and killing them .",Croatia is known for its Crystal clear water .,This phenomenon is known as language drift .,Puma is also well known in the breaking community .,"In Israel and Switzerland , these knives are known as Japanese knives .","His father , George McGhee , was a factory worker known around University Avenue for playing guitar and singing .",Residents of the city are known as Atlantans .,"Other , unnamed shades such as honey yellow are also known .",One way to measure advertising effectiveness is known as Ad Tracking .
ask,asking,asked,Menachem Begin 's government asked Kahane to act as an intermediary and convince them to give in .,"Before appearing , Miller asked the committee not to ask him to name names , to which the chairman agreed .","In 1978 Evans and Sutherland asked Warnock to move from the San Francisco Bay Area to their main headquarters in Utah , but he was not interested in moving .",Emotivists ask whether there really is evidence that killing is wrong .,Ebenezer did not patent his invention and shared his techniques with whoever asked .,"The man then asks Emmy why she wishes to revive King Ghidorah , and she explains that she wants to defend Japan from Godzilla .","Fascinated by this phenomenon , Genly asks a group of Foretellers whether Gethen will be a member of the Ekuman in five years .",The King then asked if Nai Khanom Tom would fight nine other Burmese champions to prove himself .,"Asking the questions is the point for metaphysics , but answering them is not , because once you answer them , you cross the line into religion .",Boniface quickly dismissed the other delegates and asked Dante alone to remain in Rome .
come,coming,come,"However , complete fossils are difficult to come by , making size comparisons difficult .","Its placement between Attica and the Peloponnesus made it a center of trade even earlier , and its earliest inhabitant came from Asia Minor .","But a man called Loki somehow knew it , and came to tell Odin .","The campaign season was coming to an end , and the English army had suffered many casualties through disease .","Contemporary evidence comes from Marlowe 's accuser in Flushing , an informer called Richard Baines .","English access was provided at Shakespeare Cliff , while French access came from a shaft at Sangatte .","As Pettigrew 's North Carolina Brigade came on line , they flanked the 19th Indiana and drove the Iron Brigade back .",The two largest foreign groups come from two francophone countries : France and Morocco .,This spin angular momentum comes in units of .,"By 1937 , Labour had jettisoned its pacifist position and came to support rearmament , and oppose Neville Chamberlain 's policy of appeasement ."
eat,eating,eaten,"Most storks eat frogs , fish , insects , earthworms , and small birds or mammals .",Bread is eaten with every meal .,Eat a balanced healthy diet and your personal food nutritional requirements .,Klukov came up to Andropov and convinced him that he must eat .,An example is the verb 'to eat ' in the Serbo-Croatian language .,The sea otter uses rocks to break open shellfish to eat .,"Temperature is increased after eating , and psychological factors also influence body temperature .","By this time , Caroline and Pergami were eating their meals together openly , and it was widely rumoured that they were lovers .",Animals which eat fruit are known as frugivores .,"Tanaghrisson hated the French because , as legend had it , the French had killed and eaten his father ."
wait,waiting,waited,The railroad arrived in September to find a town ready and waiting for business .,"As for the Americans , they had to wait until 1917 to see every infantry unit carry at least one machine gun .",Now Wait for Last Year .,Many died huddled together at Mantle Rock waiting to cross .,"Although popular from her first appearance in 1930 , Jane Marple had to wait thirty-two years for her first big-screen appearance .",Many pilots slept on cots at Willow Run while waiting for 'their ' B-24s to roll off the assembly line .,"Xerxes waited 4 days to attack , hoping the Greeks would disperse .","Following the defeat and fall of Montgomery , the state capital , to Union troops , Eufaulians could only wait for the worst .",The Younger hand must wait until the Elder exchanges his cards .,Popo then lay down next to her and waited to die .
remember,remembering,remembered,The Conference Finals were best remembered for the Pistons walking off the court before the game actually ended .,"St. Cecilia remembered him as cheerful , charitable and full of unceasing vigor .",Nowadays this date is remembered as the National Day of Catalonia .,Russia is remembered by Serbs for giving assistance to Serbia in becoming autonomous from the Ottoman Empire and establishing the Kingdom of Serbia in 19th century .,"Historically German was widely spoken during that colonial period , but few remain alive who remember that period .",Bonosus dealt with the eastern cities so harshly that his severity was remembered centuries later .,"Although injuries and illness conspired against the Crows , supporters and players will remember 2006 with bitter disappointment .","There is no record of him in any official database , and even his closest associates do not recognize or remember him .",Many at the university remember him as a superb teacher .,There is n't a moment at night that I do n't remember him .
work,working,worked,"There was a recess in it , in which I was to sit and work .","Despite this limited franchise , Athenian democracy was certainly the first - and perhaps the best - example of a working direct democracy .","Many more died of harsh treatment , as well as through the harsh living and working conditions , in this camp .","When this did not work out especially well , Wigner returned to Princeton .",Circe was working a huge loom .,David Kendrick also worked for Tom Molloy for a short period of time .,"Other notable designers include Tetsuya Takahashi , the graphic director , and Yasuyuki Honne , Tetsuya Nomura , and Yusuke Naora , who worked as field graphic artists .",How diesel engines work .,"Early in his career , Nino Manfredi worked extensively as a dubbing actor .","Tarkovsky worked extensively as a screenwriter , film editor , film theorist and theater director ."
put,putting,put,"Following Cooper 's demands , the jet was put into a holding pattern over Puget Sound , while Cooper 's demands for $200,000 and four parachutes were met .","When the Roman Senate heard what happened , Caesar swore to put down all the Belgic tribes .",From 1870 Lie 's work put the theory of differential equations on a more satisfactory foundation .,The combined cost of environmental cleanup at both towns was put at more than EKR3.5 billion .,Rockingham 's unexpected death in July of 1782 and his replacement as Prime Minister by Shelburne put an end to his administration after only a few months .,The NSU Theater Department puts on plays during the school year .,Historians and social scientists have put forward many factors .,Its recommendations were only put into effect after the Stockade .,"A July 2005 estimate put Bermuda 's population at 65,365 .",This put them in direct competition with Intel for x86 compatible processors and their flash memory secondary markets .
say,saying,said,Some texts have said that he fell off a cliff .,Nothing was said by the two men .,"The famous low-budget filmmaker Edward D. Wood , Jr. said he often wore women 's underwear under his military uniform during World War II .",Others say that Heracles went to Colchis with the Argonauts and he got the Golden Girdle of the Amazons and slew the Stymphalian Birds at that time .,"Sinatra said he agreed with the Republican Party on most positions , except that of abortion .","During this time , Gracen says she had a one-night stand with future President Bill Clinton .",Adolfi said 'I 'm going to tell Zanuck .,The Israeli government published what it said was video evidence of human shield tactics by Hamas .,"This means that Wick 's theorem , uncorrected , says that the expectation value of should be : and this is in fact the correct answer .",Said and post-colonial studies .
keep,keeping,kept,Climate keeps changing all the time .,The movie 's box office success enabled Coppola to keep his vineyard .,This kept the potential for rebellion in check for almost a century .,"Her feast day , December 16 , is still kept in many German dioceses .","English protectionism kept Scots traders out of the new colonies , and English foreign policy disrupted trade with France .",This prompted Mao 's decision to remove Deng from all leadership positions but keep his party membership .,"Eddington , a Quaker pacifist , struggled to keep wartime bitterness out of astronomy .",The center and the peripheries were mostly kept separated by mountains and deserts .,"Radio transmitters were also kept silent , except in emergencies .","After bandaging his superficial injury , the cautious Soviets kept him under psychiatric observation at a hospital ."
leave,leaving,left,"Ferries also leave regularly from Quai L'Herminier on the west side of the gulf for Porto Torres , Marseille , Toulon and Nice .","On each night , the leftmost candle is lit first , and lighting proceeds from left to right .","After one year , Schopenhauer left the family business in Hamburg to join her .","Nevertheless , Ireland was left unequal and unrepresented in the Parliament of Great Britain .",Most of these industries have left the city through the years .,"But in the 1970s and 1980s , that trend reversed , with more African Americans moving south to the Sun Belt than leaving it .",The females leave the family and form their own groups and the males stay with the family .,Almost 9 million tons of goods arrive and leave each year .,"The Ministry of Environment was created in late 1992 , after President Collor had left office .","In 2005 , for instance , 1,342 men and 1,564 women left the country due to labour migration ."
look,looking,looked,"Longstanding papilledema leads to optic atrophy , in which the disc looks pale and visual loss tends to be advanced .","Once released , Mad Dog No Good comes looking for Martin .",Western audiences were more receptive and the series achieved the success its creators were looking for .,Movie piracy was looked upon as impossible by the major studios .,St. Irenaeus was not looking for a Jewish kingdom .,In 2004-05 things looked much brighter for the team .,"Huxley recuperated on a farm , looking thin and ill .","By 1951 , Bardeen was looking for a new job .","Unpredictability is not randomness , but in some circumstances looks very much like it .","The dominance battles between males can look very fierce , but typically they inflict very little injury ."
pick,picking,picked,"In November 2007 , the Democratic Party once again retained control over the Suffolk County Legislature picking up one seat in the process .",To choose a new name William King opened a dictionary and randomly picked a word .,Green soybeans in the pod are picked before they ripen .,After the draft the Buccaneers picked up tight end Jerramy Stevens and defensive tackle Ryan Sims .,A truck was picked up and hurled into Boston Harbor .,"At that time , Voyager also picked up two Delta Quadrant natives , Neelix , a Talaxian , and his girlfriend Kes , from Ocampa .","Afterwards , Kirsty tries to burn the box in a fire outdoors , but a strange man appears and picks it out of the flames .","On the way there , however , Joe and Jake pick another fight .","However , Democrats picked up several seats in the Idaho Legislature , notably in the Boise area .",The Queen Mother stopped and picked these up as though somebody had misplaced them .
hear,hearing,heard,"When only one length is predominantly stimulated , we hear a note .",Civil courts hearing patent cases can and often do declare patents invalid .,"The Third Circuit Court heard oral arguments in the appeals on May 17 , 2007 , at the United States Courthouse in Philadelphia .","When Orpheus heard their voices , he drew his lyre and played music that was more beautiful and louder , drowning out the Sirens ' bewitching songs .",Games are heard on 47 stations in five states and Canada .,"The harmonies and melodies are not simply heard and felt , but actually form shapes and patterns in his mind .","From these four , especially Grandpa Joe , he hears stories about the candymaker Willy Wonka and the chocolate factory he built .",A greedy merchant also heard her songs ; he followed the fishermen and captured the mermaid .,Most people had not yet heard of PC at this time so the channel was not very popular .,Hearing him for the first time was like busting out of jail .
think,thinking,thought,There are opposing schools of thought as to how the specific mechanics of a Meet and Greet operate .,"With Johnson as head coach and Jones as his own general manager , people in the league thought they could take advantage of them .","The Presbyterians thought him half a Presbyterian , and the Friends believed him a wet Quaker .",Many spectators thought that his sentence was too severe .,"For this reason , the Neoplatonists thought that the One could not itself be a being .","Beyond a healthy professional rivalry , former vaudevillians Chaplin and Keaton thought highly of one another .",The Tribulation is generally thought to occur before the Second Coming of Jesus and the end of the world .,"Neither Polonius nor Laertes thinks Hamlet is serious about Ophelia , and they both warn her off .","This was Scorsese 's fourth Best Director nomination , and many thought it was finally his year to win .","Though some have said Kubrick disliked America , America was all he talked about and he often thought of moving back ."
bet,betting,bet,"This is very good considering he bet fewer than $1,000 on most games .","The agency first offered only sports betting , but in 1971 the Finnish national lottery was kicked off , and it proved a huge boom .","Robin lays twenty pounds on a fight , and the shepherd agrees to bet his bottle and bag against it .",Once Calvin bet Susie Derkins 25 cents over a math test .,The betting rounds and layout of community cards are identical .,Rocco and Tony Perla then mobilized a betting syndicate to maximize their potential gain from this operation .,Stanley realizes that the two were betting with money they never had .,His final race was a return to the U. S. where faithful fans made him the 3:2 betting favorite in the Breeders ' Cup Mile at Gulfstream Park .,1980s Pete Rose betting scandal .,Club Cal Neva Hotel and Casino opened its doors in downtown Reno in 1962. It offers a variety of gaming as well as a sports betting .
