"HITId","HITTypeId","Title","Description","Keywords","Reward","CreationTime","MaxAssignments","RequesterAnnotation","AssignmentDurationInSeconds","AutoApprovalDelayInSeconds","Expiration","NumberOfSimilarHITs","LifetimeInSeconds","AssignmentId","WorkerId","AssignmentStatus","AcceptTime","SubmitTime","AutoApprovalTime","ApprovalTime","RejectionTime","RequesterFeedback","WorkTimeInSeconds","Input.feature","Input.instructions","Input.video0","Input.video1","Input.video2","Input.video3","Input.video4","Input.verb0","Input.verb1","Input.verb2","Input.verb3","Input.verb4","Input.prompt0a","Input.prompt1a","Input.prompt2a","Input.prompt3a","Input.prompt4a","Input.prompt0b","Input.prompt1b","Input.prompt2b","Input.prompt3b","Input.prompt4b","Input.objects0","Input.objects1","Input.objects2","Input.objects3","Input.objects4","Input.subjects0","Input.subjects1","Input.subjects2","Input.subjects3","Input.subjects4","Answer.impossible0bClicked","Answer.comments","Answer.answer4a","Answer.answer4b","Answer.answer3a","Answer.answer2a","Answer.impossible4bClicked","Answer.answer3b","Answer.answer1a","Answer.answer2b","Answer.answer1b","Answer.answer0a","Answer.answer0b","Answer.impossible2bClicked","Answer.impossible2aClicked","Answer.impossible4aClicked","Answer.impossible3bClicked","Approve","Reject"
"1WTNPUDE9UPMMVVZHY71KS3N1RVM89","1NOCZYH76WNFVEY43IJN8DTGU1TCR7","Write Creative Sentences","We'll give you a list of actions (plus ideas for who is doing the action).  You write a sentence where the action is done in a certain way / style.  Possible bonus for creativity.","creative write sentence transitivity nouns verbs writing generation bonus reward","$0.10","Tue Mar 02 16:29:48 GMT 2010","1","","86400","604800","Tue Mar 09 16:29:48 GMT 2010","43","","1IF4GWFDRMEOA2HWYOJNYKIN8BHTV1","A270SM36GUXBSE","Approved","Fri Mar 05 20:53:07 GMT 2010","Fri Mar 05 20:59:42 GMT 2010","Fri Mar 12 20:59:42 GMT 2010","2010/03/12 21:01:05 +0000","","","395","benefit","<ul>

  <li> We'll show you an action (represented by a video), things that can do the
  action, and some things the action can be done to, and you'll write two
  sentences combining them together.

  <li> We're interested in how the concept of benefit is expressed.  One
  sentence you write will be where the thing to which the action was done
  <b>benefited</b>.  The other sentence will be where the thing doing the action
  <b>was not affected</b>.

  <li> The suggested things that can do the action or that can have the action
  done to them are ideas to get your creative juices flowing.  They came
  from other people on Mechanical Turk, so some of them might not make sense
  (nobody's perfect); if so, please ignore them.  You don't have to use the
  suggested things that can do the action or things that the action can be done
  to.  <b>The only requirement is that you use a form of the specified action
  and to have the sentence reflect that the action benefited something (or not).</b>

  <li> There are a number of different reasons why sentences might have
  benefited.  The action changes the the object, or the action has some innate
  positive connotation, or the sentence makes it clear.  Here are some sentences
  where the thing to which the action is done benefits.

       <ul>
        <li> <i>save</i>: The St. Bernard <i>saves</i> the climber.
        <li> <i>help</i>: Patrick <i>helped</i> Joe pay his rent.
        <li> <i>gave</i>: Mary <i>gave</i> Bob a compliment.
       </ul>

  <li> Sentences where the object is unaffected are ones in which the object
  might not even know the action happened or where the thing to which action is
  being done is not present.

  <ul>

    <li> <i>thought</i>: Ed </i>thought</i> about Jill.

    <li> <i>wave</i>: Melanie <i>waved</i> at a cop in Toledo.

    <li> <i>shine</i>: The stars <i>shined</i> in the sky.

  </ul>

  <li> It might not be possible to write a sentence with the action and
  properties as given.  If so, click the box that says ""it's not possible to
  write such a sentence.""

  <li> Don't try too hard to force sentences where the thing to which the action
  was done benefits (or not).  It might be impossible to write such a sentence;
  however, you should be able to write a sentence of the other type.

  <li> Please make sure your sentences make sense and that you try to answer all
  of the questions.  Incomplete or incoherent responses will be rejected.

  <li> We'll pay a bonus for particularly creative sentences (something that
  makes sense and wouldn't look out of place in a book or newspaper).

</ul>","<object width=""425"" height=""344""><param name=""movie"" value=""http://www.youtube.com/v/lYM3w1t4YA4&hl=de_DE&fs=1&rel=0&color1=0x5d1719&color2=0xcd311b""></param><param name=""allowFullScreen"" value=""true""></param><param name=""allowscriptaccess"" value=""always""></param><embed src=""http://www.youtube.com/v/lYM3w1t4YA4&autoplay=1&loop=1&hl=de_DE&fs=1&rel=0&color1=0x5d1719&color2=0xcd311b"" type=""application/x-shockwave-flash"" allowscriptaccess=""always"" allowfullscreen=""true"" width=""425"" height=""344""></embed></object>","<object width=""425"" height=""344""><param name=""movie"" value=""http://www.youtube.com/v/RWn9fx-Eq_Y&hl=de_DE&fs=1&rel=0&color1=0x5d1719&color2=0xcd311b""></param><param name=""allowFullScreen"" value=""true""></param><param name=""allowscriptaccess"" value=""always""></param><embed src=""http://www.youtube.com/v/RWn9fx-Eq_Y&autoplay=1&loop=1&hl=de_DE&fs=1&rel=0&color1=0x5d1719&color2=0xcd311b"" type=""application/x-shockwave-flash"" allowscriptaccess=""always"" allowfullscreen=""true"" width=""425"" height=""344""></embed></object>","<object width=""425"" height=""344""><param name=""movie"" value=""http://www.youtube.com/v/CJAsK96V-lU&hl=de_DE&fs=1&rel=0&color1=0x5d1719&color2=0xcd311b""></param><param name=""allowFullScreen"" value=""true""></param><param name=""allowscriptaccess"" value=""always""></param><embed src=""http://www.youtube.com/v/CJAsK96V-lU&autoplay=1&loop=1&hl=de_DE&fs=1&rel=0&color1=0x5d1719&color2=0xcd311b"" type=""application/x-shockwave-flash"" allowscriptaccess=""always"" allowfullscreen=""true"" width=""425"" height=""344""></embed></object>","<object width=""425"" height=""344""><param name=""movie"" value=""http://www.youtube.com/v/IU47l2qeVfE&hl=de_DE&fs=1&rel=0&color1=0x5d1719&color2=0xcd311b""></param><param name=""allowFullScreen"" value=""true""></param><param name=""allowscriptaccess"" value=""always""></param><embed src=""http://www.youtube.com/v/IU47l2qeVfE&autoplay=1&loop=1&hl=de_DE&fs=1&rel=0&color1=0x5d1719&color2=0xcd311b"" type=""application/x-shockwave-flash"" allowscriptaccess=""always"" allowfullscreen=""true"" width=""425"" height=""344""></embed></object>","<object width=""425"" height=""344""><param name=""movie"" value=""http://www.youtube.com/v/NTGu3XOLVpo&hl=de_DE&fs=1&rel=0&color1=0x5d1719&color2=0xcd311b""></param><param name=""allowFullScreen"" value=""true""></param><param name=""allowscriptaccess"" value=""always""></param><embed src=""http://www.youtube.com/v/NTGu3XOLVpo&autoplay=1&loop=1&hl=de_DE&fs=1&rel=0&color1=0x5d1719&color2=0xcd311b"" type=""application/x-shockwave-flash"" allowscriptaccess=""always"" allowfullscreen=""true"" width=""425"" height=""344""></embed></object>","look","keep","help","read","eat","Write a sentence where the thing to which the action was done benefited greatly by the action (to look).","Write a sentence where the thing to which the action was done benefited greatly by the action (to keep).","Write a sentence where the thing to which the action was done benefited greatly by the action (to help).","Write a sentence where the thing to which the action was done benefited greatly by the action (to read).","Write a sentence where the thing to which the action was done benefited greatly by the action (to eat).","Write a sentence where the thing to which the action was done was not affected at all by the action (to look).","Write a sentence where the thing to which the action was done was not affected at all by the action (to keep).","Write a sentence where the thing to which the action was done was not affected at all by the action (to help).","Write a sentence where the thing to which the action was done was not affected at all by the action (to read).","Write a sentence where the thing to which the action was done was not affected at all by the action (to eat).","address<br>child<br>eyes<br>friend<br>home<br>people<br>someone<br>taxi","base<br>clothes<br>food<br>home<br>money<br>third","children<br>friends","articles<br>blog<br>book<br>books<br>cars<br>colors<br>dramas<br>essays<br>instructions<br>leaves<br>letters<br>magazine<br>newspaper<br>novels<br>pages<br>stories<br>traffic lights","food<br>pizza<br>cake<br>cereal<br>chicken<br>dessert<br>dinner<br>dog food<br>fingernails<br>medicines<br>pasta<br>pie<br>salad","children<br>men<br>women<br>adults<br>animals<br>boy<br>father<br>man<br>monkeys<br>people<br>person<br>son","animals<br>human beings<br>man<br>player","child<br>body builders<br>brother<br>dog<br>fire-fighter<br>fireman<br>friend<br>gentlemen<br>heroes<br>human being<br>knights<br>lifeguard<br>man<br>monkeys<br>nurse<br>policeman<br>rescuer<br>teammates<br>woman","student<br>teacher<br>adult<br>businessman<br>child<br>instructor<br>ladies<br>man<br>oldman<br>people<br>professor<br>secretary<br>writer","monkey<br>amitabh<br>cat<br>dog<br>kid<br>men<br>monk<br>people<br>sachin<br>sherpa<br>sportsman<br>woman<br>women","","","A monkey swung down from a higher branch in the forest canopy and snatched several figs from the leaves, shoving them into his mouth to eat.","A bowl of food was set in front of the cat to eat, but he was already full.","A teacher sat down on the floor in front of a crowd of students and began to read a young-reader novel by their favorite author.","The firefighter charged into a burning building without fear, knowing he had to help save his friends that were inside.","","The writer thought about reading a book, but he wanted to write his own instead.","The pack of wolves snarled and drove off an interloping scavenger in order to keep claim of their food.","The gentleman would have helped the young, beautiful girl find her way, but he was too shy to speak to her.","The wolf laid down to sleep as a scavenger crept in to devour the remains of his food, he didn't want it anymore.","The boy gasped and looked at the crowd of people who'd gathered around the courthouse; he'd never seen a protest before.","The boy closed his eyes and missed a crowd as it gathered at the courthouse, too distracted by the noise of the city around him.","","","",""
"12X3J7AULWQKSI6Q9YAB3F1F2WBGUB","1NOCZYH76WNFVEY43IJN8DTGU1TCR7","Write Creative Sentences","We'll give you a list of actions (plus ideas for who is doing the action).  You write a sentence where the action is done in a certain way / style.  Possible bonus for creativity.","creative write sentence transitivity nouns verbs writing generation bonus reward","$0.10","Tue Mar 02 16:29:48 GMT 2010","1","","86400","604800","Tue Mar 09 16:29:48 GMT 2010","50","","1XW64ZXASDFGP4WQO3ETPIN3YWCWUN","A2YHM8535OIB2W","Approved","Thu Mar 04 14:49:13 GMT 2010","Thu Mar 04 15:00:18 GMT 2010","Thu Mar 11 15:00:18 GMT 2010","2010/03/11 15:01:06 +0000","","","665","benefit","<ul>

  <li> We'll show you an action (represented by a video), things that can do the
  action, and some things the action can be done to, and you'll write two
  sentences combining them together.

  <li> We're interested in how the concept of benefit is expressed.  One
  sentence you write will be where the thing to which the action was done
  <b>benefited</b>.  The other sentence will be where the thing doing the action
  <b>was not affected</b>.

  <li> The suggested things that can do the action or that can have the action
  done to them are ideas to get your creative juices flowing.  They came
  from other people on Mechanical Turk, so some of them might not make sense
  (nobody's perfect); if so, please ignore them.  You don't have to use the
  suggested things that can do the action or things that the action can be done
  to.  <b>The only requirement is that you use a form of the specified action
  and to have the sentence reflect that the action benefited something (or not).</b>

  <li> There are a number of different reasons why sentences might have
  benefited.  The action changes the the object, or the action has some innate
  positive connotation, or the sentence makes it clear.  Here are some sentences
  where the thing to which the action is done benefits.

       <ul>
        <li> <i>save</i>: The St. Bernard <i>saves</i> the climber.
        <li> <i>help</i>: Patrick <i>helped</i> Joe pay his rent.
        <li> <i>gave</i>: Mary <i>gave</i> Bob a compliment.
       </ul>

  <li> Sentences where the object is unaffected are ones in which the object
  might not even know the action happened or where the thing to which action is
  being done is not present.

  <ul>

    <li> <i>thought</i>: Ed </i>thought</i> about Jill.

    <li> <i>wave</i>: Melanie <i>waved</i> at a cop in Toledo.

    <li> <i>shine</i>: The stars <i>shined</i> in the sky.

  </ul>

  <li> It might not be possible to write a sentence with the action and
  properties as given.  If so, click the box that says ""it's not possible to
  write such a sentence.""

  <li> Don't try too hard to force sentences where the thing to which the action
  was done benefits (or not).  It might be impossible to write such a sentence;
  however, you should be able to write a sentence of the other type.

  <li> Please make sure your sentences make sense and that you try to answer all
  of the questions.  Incomplete or incoherent responses will be rejected.

  <li> We'll pay a bonus for particularly creative sentences (something that
  makes sense and wouldn't look out of place in a book or newspaper).

</ul>","<object width=""425"" height=""344""><param name=""movie"" value=""http://www.youtube.com/v/_OCUHLuoa9g&hl=de_DE&fs=1&rel=0&color1=0x5d1719&color2=0xcd311b""></param><param name=""allowFullScreen"" value=""true""></param><param name=""allowscriptaccess"" value=""always""></param><embed src=""http://www.youtube.com/v/_OCUHLuoa9g&autoplay=1&loop=1&hl=de_DE&fs=1&rel=0&color1=0x5d1719&color2=0xcd311b"" type=""application/x-shockwave-flash"" allowscriptaccess=""always"" allowfullscreen=""true"" width=""425"" height=""344""></embed></object>","<object width=""425"" height=""344""><param name=""movie"" value=""http://www.youtube.com/v/5jwjqt_S0aE&hl=de_DE&fs=1&rel=0&color1=0x5d1719&color2=0xcd311b""></param><param name=""allowFullScreen"" value=""true""></param><param name=""allowscriptaccess"" value=""always""></param><embed src=""http://www.youtube.com/v/5jwjqt_S0aE&autoplay=1&loop=1&hl=de_DE&fs=1&rel=0&color1=0x5d1719&color2=0xcd311b"" type=""application/x-shockwave-flash"" allowscriptaccess=""always"" allowfullscreen=""true"" width=""425"" height=""344""></embed></object>","<object width=""425"" height=""344""><param name=""movie"" value=""http://www.youtube.com/v/YTrlAJiJMR4&hl=de_DE&fs=1&rel=0&color1=0x5d1719&color2=0xcd311b""></param><param name=""allowFullScreen"" value=""true""></param><param name=""allowscriptaccess"" value=""always""></param><embed src=""http://www.youtube.com/v/YTrlAJiJMR4&autoplay=1&loop=1&hl=de_DE&fs=1&rel=0&color1=0x5d1719&color2=0xcd311b"" type=""application/x-shockwave-flash"" allowscriptaccess=""always"" allowfullscreen=""true"" width=""425"" height=""344""></embed></object>","<object width=""425"" height=""344""><param name=""movie"" value=""http://www.youtube.com/v/oO5hUgp7ixA&hl=de_DE&fs=1&rel=0&color1=0x5d1719&color2=0xcd311b""></param><param name=""allowFullScreen"" value=""true""></param><param name=""allowscriptaccess"" value=""always""></param><embed src=""http://www.youtube.com/v/oO5hUgp7ixA&autoplay=1&loop=1&hl=de_DE&fs=1&rel=0&color1=0x5d1719&color2=0xcd311b"" type=""application/x-shockwave-flash"" allowscriptaccess=""always"" allowfullscreen=""true"" width=""425"" height=""344""></embed></object>","<object width=""425"" height=""344""><param name=""movie"" value=""http://www.youtube.com/v/JlFDwgk3X1g&hl=de_DE&fs=1&rel=0&color1=0x5d1719&color2=0xcd311b""></param><param name=""allowFullScreen"" value=""true""></param><param name=""allowscriptaccess"" value=""always""></param><embed src=""http://www.youtube.com/v/JlFDwgk3X1g&autoplay=1&loop=1&hl=de_DE&fs=1&rel=0&color1=0x5d1719&color2=0xcd311b"" type=""application/x-shockwave-flash"" allowscriptaccess=""always"" allowfullscreen=""true"" width=""425"" height=""344""></embed></object>","try","make","say","wait","use","Write a sentence where the thing to which the action was done benefited greatly by the action (to try).","Write a sentence where the thing to which the action was done benefited greatly by the action (to make).","Write a sentence where the thing to which the action was done benefited greatly by the action (to say).","Write a sentence where the thing to which the action was done benefited greatly by the action (to wait).","Write a sentence where the thing to which the action was done benefited greatly by the action (to use).","Write a sentence where the thing to which the action was done was not affected at all by the action (to try).","Write a sentence where the thing to which the action was done was not affected at all by the action (to make).","Write a sentence where the thing to which the action was done was not affected at all by the action (to say).","Write a sentence where the thing to which the action was done was not affected at all by the action (to wait).","Write a sentence where the thing to which the action was done was not affected at all by the action (to use).","attempt<br>back<br>basket<br>box<br>boxees<br>car<br>carrots<br>child<br>corn<br>fridge<br>furniture<br>groceries<br>hamstring<br>mission<br>patience<br>peas<br>quest<br>speakers<br>suitcase<br>task<br>tools<br>vegetables<br>weights","blanket<br>clothes<br>paper","friends<br>a man talking<br>children<br>down<br>he is telling some thing<br>lies<br>people<br>pets<br>story<br>tales<br>telephone","tables","bones<br>dishes<br>door<br>glasses<br>remote<br>tv","boy<br>crane<br>dog<br>elephant<br>father<br>girl<br>horse<br>jack<br>machine<br>man<br>monkey<br>mother<br>person<br>pulley<br>robot<br>woman<br>wrestler","boy<br>craftsmen<br>girl<br>hammer<br>machine<br>man<br>paper artist<br>people<br>person<br>woman","lecturer<br>master<br>sir<br>teacher","bus<br>bus train<br>human beings<br>lover<br>passenger for taxi<br>passenger for train<br>people<br>student<br>train<br>vehicles","man<br>woman<br>boy<br>child<br>dont understand<br>girl<br>human<br>person<br>primate<br>robot","on","","","","THE ACTION WAS DONE BENEFITED BY HIS WAITING","","on","","THE ACTION WAS DONE BENEFITED BY HIS SHARPNESS","","THERE IS NO USE OF THE THING WHICH HE MADE","THE ACTION WAS DONE BENEFITED BY HIS ENERGY AND TRY","","on","on","on","on"
"19HV7ZKOJE4DXGR1RY9W6NS8RKCR9R","1NOCZYH76WNFVEY43IJN8DTGU1TCR7","Write Creative Sentences","We'll give you a list of actions (plus ideas for who is doing the action).  You write a sentence where the action is done in a certain way / style.  Possible bonus for creativity.","creative write sentence transitivity nouns verbs writing generation bonus reward","$0.10","Tue Mar 02 16:29:48 GMT 2010","1","","86400","604800","Tue Mar 09 16:29:48 GMT 2010","55","","1V7QAQ5LA0RKX7RCPRIBC6NVE0HMVJ","A1U1C1QXQY8TLJ","Approved","Thu Mar 04 03:40:48 GMT 2010","Thu Mar 04 03:43:47 GMT 2010","Thu Mar 11 03:43:47 GMT 2010","2010/03/11 03:46:05 +0000","","","179","benefit","<ul>

  <li> We'll show you an action (represented by a video), things that can do the
  action, and some things the action can be done to, and you'll write two
  sentences combining them together.

  <li> We're interested in how the concept of benefit is expressed.  One
  sentence you write will be where the thing to which the action was done
  <b>benefited</b>.  The other sentence will be where the thing doing the action
  <b>was not affected</b>.

  <li> The suggested things that can do the action or that can have the action
  done to them are ideas to get your creative juices flowing.  They came
  from other people on Mechanical Turk, so some of them might not make sense
  (nobody's perfect); if so, please ignore them.  You don't have to use the
  suggested things that can do the action or things that the action can be done
  to.  <b>The only requirement is that you use a form of the specified action
  and to have the sentence reflect that the action benefited something (or not).</b>

  <li> There are a number of different reasons why sentences might have
  benefited.  The action changes the the object, or the action has some innate
  positive connotation, or the sentence makes it clear.  Here are some sentences
  where the thing to which the action is done benefits.

       <ul>
        <li> <i>save</i>: The St. Bernard <i>saves</i> the climber.
        <li> <i>help</i>: Patrick <i>helped</i> Joe pay his rent.
        <li> <i>gave</i>: Mary <i>gave</i> Bob a compliment.
       </ul>

  <li> Sentences where the object is unaffected are ones in which the object
  might not even know the action happened or where the thing to which action is
  being done is not present.

  <ul>

    <li> <i>thought</i>: Ed </i>thought</i> about Jill.

    <li> <i>wave</i>: Melanie <i>waved</i> at a cop in Toledo.

    <li> <i>shine</i>: The stars <i>shined</i> in the sky.

  </ul>

  <li> It might not be possible to write a sentence with the action and
  properties as given.  If so, click the box that says ""it's not possible to
  write such a sentence.""

  <li> Don't try too hard to force sentences where the thing to which the action
  was done benefits (or not).  It might be impossible to write such a sentence;
  however, you should be able to write a sentence of the other type.

  <li> Please make sure your sentences make sense and that you try to answer all
  of the questions.  Incomplete or incoherent responses will be rejected.

  <li> We'll pay a bonus for particularly creative sentences (something that
  makes sense and wouldn't look out of place in a book or newspaper).

</ul>","<object width=""425"" height=""344""><param name=""movie"" value=""http://www.youtube.com/v/lzZ2IpL7dtA&hl=de_DE&fs=1&rel=0&color1=0x5d1719&color2=0xcd311b""></param><param name=""allowFullScreen"" value=""true""></param><param name=""allowscriptaccess"" value=""always""></param><embed src=""http://www.youtube.com/v/lzZ2IpL7dtA&autoplay=1&loop=1&hl=de_DE&fs=1&rel=0&color1=0x5d1719&color2=0xcd311b"" type=""application/x-shockwave-flash"" allowscriptaccess=""always"" allowfullscreen=""true"" width=""425"" height=""344""></embed></object>","<object width=""425"" height=""344""><param name=""movie"" value=""http://www.youtube.com/v/uLaWhPaEvoA&hl=de_DE&fs=1&rel=0&color1=0x5d1719&color2=0xcd311b""></param><param name=""allowFullScreen"" value=""true""></param><param name=""allowscriptaccess"" value=""always""></param><embed src=""http://www.youtube.com/v/uLaWhPaEvoA&autoplay=1&loop=1&hl=de_DE&fs=1&rel=0&color1=0x5d1719&color2=0xcd311b"" type=""application/x-shockwave-flash"" allowscriptaccess=""always"" allowfullscreen=""true"" width=""425"" height=""344""></embed></object>","<object width=""425"" height=""344""><param name=""movie"" value=""http://www.youtube.com/v/qB6QuxWG8mE&hl=de_DE&fs=1&rel=0&color1=0x5d1719&color2=0xcd311b""></param><param name=""allowFullScreen"" value=""true""></param><param name=""allowscriptaccess"" value=""always""></param><embed src=""http://www.youtube.com/v/qB6QuxWG8mE&autoplay=1&loop=1&hl=de_DE&fs=1&rel=0&color1=0x5d1719&color2=0xcd311b"" type=""application/x-shockwave-flash"" allowscriptaccess=""always"" allowfullscreen=""true"" width=""425"" height=""344""></embed></object>","<object width=""425"" height=""344""><param name=""movie"" value=""http://www.youtube.com/v/pGwjQqGcgJs&hl=de_DE&fs=1&rel=0&color1=0x5d1719&color2=0xcd311b""></param><param name=""allowFullScreen"" value=""true""></param><param name=""allowscriptaccess"" value=""always""></param><embed src=""http://www.youtube.com/v/pGwjQqGcgJs&autoplay=1&loop=1&hl=de_DE&fs=1&rel=0&color1=0x5d1719&color2=0xcd311b"" type=""application/x-shockwave-flash"" allowscriptaccess=""always"" allowfullscreen=""true"" width=""425"" height=""344""></embed></object>","<object width=""425"" height=""344""><param name=""movie"" value=""http://www.youtube.com/v/wnOOtW7iQoI&hl=de_DE&fs=1&rel=0&color1=0x5d1719&color2=0xcd311b""></param><param name=""allowFullScreen"" value=""true""></param><param name=""allowscriptaccess"" value=""always""></param><embed src=""http://www.youtube.com/v/wnOOtW7iQoI&autoplay=1&loop=1&hl=de_DE&fs=1&rel=0&color1=0x5d1719&color2=0xcd311b"" type=""application/x-shockwave-flash"" allowscriptaccess=""always"" allowfullscreen=""true"" width=""425"" height=""344""></embed></object>","want","worry","pay","start","bet","Write a sentence where the thing to which the action was done benefited greatly by the action (to want).","Write a sentence where the thing to which the action was done benefited greatly by the action (to worry).","Write a sentence where the thing to which the action was done benefited greatly by the action (to pay).","Write a sentence where the thing to which the action was done benefited greatly by the action (to start).","Write a sentence where the thing to which the action was done benefited greatly by the action (to bet).","Write a sentence where the thing to which the action was done was not affected at all by the action (to want).","Write a sentence where the thing to which the action was done was not affected at all by the action (to worry).","Write a sentence where the thing to which the action was done was not affected at all by the action (to pay).","Write a sentence where the thing to which the action was done was not affected at all by the action (to start).","Write a sentence where the thing to which the action was done was not affected at all by the action (to bet).","cars<br>children<br>friends<br>music<br>parents<br>pets","answers<br>employment<br>government<br>mother<br>nerves<br>offers<br>press<br>waiting<br>wondering","benefit<br>gifts<br>hard time<br>keys<br>money<br>suggestions","athletes<br>cars<br>clock<br>greyhounds<br>horses<br>runners","cards<br>chess<br>cricket<br>football<br>games<br>hockey","dog<br>bear<br>beggar<br>bird<br>cat<br>guy<br>hyena<br>man","animals<br>boy<br>human beings<br>scientist","buyer<br>seller<br>banker<br>cashier<br>child<br>man<br>men<br>people<br>woman<br>women","athlete<br>atheletic<br>cricketer<br>deer<br>dog<br>leopard<br>prey<br>tiger","adults<br>casinos<br>friend<br>humans<br>man<br>men<br>neighbor<br>opponent<br>sucker<br>women","","","Man practices poker to score babes in the casino.","","Man decides to run indoors, in preperation for his journey to the race tracks.","The man is paying off his pastry worshipping debt.","","","Human beings are wondering what its like to be employed.","","","Man worships pastry.","","","","",""
"1EWR2SD4L0V8U8W6S6NA0KI65RVC4A","1NOCZYH76WNFVEY43IJN8DTGU1TCR7","Write Creative Sentences","We'll give you a list of actions (plus ideas for who is doing the action).  You write a sentence where the action is done in a certain way / style.  Possible bonus for creativity.","creative write sentence transitivity nouns verbs writing generation bonus reward","$0.10","Tue Mar 02 16:29:48 GMT 2010","1","","86400","604800","Tue Mar 09 16:29:48 GMT 2010","55","","18TTRXQC6I8R6DNLXAJMAKFHXIAQ34","A2YHM8535OIB2W","Approved","Thu Mar 04 14:27:56 GMT 2010","Thu Mar 04 14:34:47 GMT 2010","Thu Mar 11 14:34:47 GMT 2010","2010/03/11 14:36:09 +0000","","","411","benefit","<ul>

  <li> We'll show you an action (represented by a video), things that can do the
  action, and some things the action can be done to, and you'll write two
  sentences combining them together.

  <li> We're interested in how the concept of benefit is expressed.  One
  sentence you write will be where the thing to which the action was done
  <b>benefited</b>.  The other sentence will be where the thing doing the action
  <b>was not affected</b>.

  <li> The suggested things that can do the action or that can have the action
  done to them are ideas to get your creative juices flowing.  They came
  from other people on Mechanical Turk, so some of them might not make sense
  (nobody's perfect); if so, please ignore them.  You don't have to use the
  suggested things that can do the action or things that the action can be done
  to.  <b>The only requirement is that you use a form of the specified action
  and to have the sentence reflect that the action benefited something (or not).</b>

  <li> There are a number of different reasons why sentences might have
  benefited.  The action changes the the object, or the action has some innate
  positive connotation, or the sentence makes it clear.  Here are some sentences
  where the thing to which the action is done benefits.

       <ul>
        <li> <i>save</i>: The St. Bernard <i>saves</i> the climber.
        <li> <i>help</i>: Patrick <i>helped</i> Joe pay his rent.
        <li> <i>gave</i>: Mary <i>gave</i> Bob a compliment.
       </ul>

  <li> Sentences where the object is unaffected are ones in which the object
  might not even know the action happened or where the thing to which action is
  being done is not present.

  <ul>

    <li> <i>thought</i>: Ed </i>thought</i> about Jill.

    <li> <i>wave</i>: Melanie <i>waved</i> at a cop in Toledo.

    <li> <i>shine</i>: The stars <i>shined</i> in the sky.

  </ul>

  <li> It might not be possible to write a sentence with the action and
  properties as given.  If so, click the box that says ""it's not possible to
  write such a sentence.""

  <li> Don't try too hard to force sentences where the thing to which the action
  was done benefits (or not).  It might be impossible to write such a sentence;
  however, you should be able to write a sentence of the other type.

  <li> Please make sure your sentences make sense and that you try to answer all
  of the questions.  Incomplete or incoherent responses will be rejected.

  <li> We'll pay a bonus for particularly creative sentences (something that
  makes sense and wouldn't look out of place in a book or newspaper).

</ul>","<object width=""425"" height=""344""><param name=""movie"" value=""http://www.youtube.com/v/ZngDd1irhYo&hl=de_DE&fs=1&rel=0&color1=0x5d1719&color2=0xcd311b""></param><param name=""allowFullScreen"" value=""true""></param><param name=""allowscriptaccess"" value=""always""></param><embed src=""http://www.youtube.com/v/ZngDd1irhYo&autoplay=1&loop=1&hl=de_DE&fs=1&rel=0&color1=0x5d1719&color2=0xcd311b"" type=""application/x-shockwave-flash"" allowscriptaccess=""always"" allowfullscreen=""true"" width=""425"" height=""344""></embed></object>","<object width=""425"" height=""344""><param name=""movie"" value=""http://www.youtube.com/v/nLzt8gtXMCI&hl=de_DE&fs=1&rel=0&color1=0x5d1719&color2=0xcd311b""></param><param name=""allowFullScreen"" value=""true""></param><param name=""allowscriptaccess"" value=""always""></param><embed src=""http://www.youtube.com/v/nLzt8gtXMCI&autoplay=1&loop=1&hl=de_DE&fs=1&rel=0&color1=0x5d1719&color2=0xcd311b"" type=""application/x-shockwave-flash"" allowscriptaccess=""always"" allowfullscreen=""true"" width=""425"" height=""344""></embed></object>","<object width=""425"" height=""344""><param name=""movie"" value=""http://www.youtube.com/v/GYTz157gJbQ&hl=de_DE&fs=1&rel=0&color1=0x5d1719&color2=0xcd311b""></param><param name=""allowFullScreen"" value=""true""></param><param name=""allowscriptaccess"" value=""always""></param><embed src=""http://www.youtube.com/v/GYTz157gJbQ&autoplay=1&loop=1&hl=de_DE&fs=1&rel=0&color1=0x5d1719&color2=0xcd311b"" type=""application/x-shockwave-flash"" allowscriptaccess=""always"" allowfullscreen=""true"" width=""425"" height=""344""></embed></object>","<object width=""425"" height=""344""><param name=""movie"" value=""http://www.youtube.com/v/FG5y-0rEjog&hl=de_DE&fs=1&rel=0&color1=0x5d1719&color2=0xcd311b""></param><param name=""allowFullScreen"" value=""true""></param><param name=""allowscriptaccess"" value=""always""></param><embed src=""http://www.youtube.com/v/FG5y-0rEjog&autoplay=1&loop=1&hl=de_DE&fs=1&rel=0&color1=0x5d1719&color2=0xcd311b"" type=""application/x-shockwave-flash"" allowscriptaccess=""always"" allowfullscreen=""true"" width=""425"" height=""344""></embed></object>","<object width=""425"" height=""344""><param name=""movie"" value=""http://www.youtube.com/v/nS82N8sT8B8&hl=de_DE&fs=1&rel=0&color1=0x5d1719&color2=0xcd311b""></param><param name=""allowFullScreen"" value=""true""></param><param name=""allowscriptaccess"" value=""always""></param><embed src=""http://www.youtube.com/v/nS82N8sT8B8&autoplay=1&loop=1&hl=de_DE&fs=1&rel=0&color1=0x5d1719&color2=0xcd311b"" type=""application/x-shockwave-flash"" allowscriptaccess=""always"" allowfullscreen=""true"" width=""425"" height=""344""></embed></object>","remember","thank","need","bring","sit","Write a sentence where the thing to which the action was done benefited greatly by the action (to remember).","Write a sentence where the thing to which the action was done benefited greatly by the action (to thank).","Write a sentence where the thing to which the action was done benefited greatly by the action (to need).","Write a sentence where the thing to which the action was done benefited greatly by the action (to bring).","Write a sentence where the thing to which the action was done benefited greatly by the action (to sit).","Write a sentence where the thing to which the action was done was not affected at all by the action (to remember).","Write a sentence where the thing to which the action was done was not affected at all by the action (to thank).","Write a sentence where the thing to which the action was done was not affected at all by the action (to need).","Write a sentence where the thing to which the action was done was not affected at all by the action (to bring).","Write a sentence where the thing to which the action was done was not affected at all by the action (to sit).","accounts<br>animal<br>brain<br>car<br>doors<br>house<br>human<br>locks<br>night<br>play<br>room<br>scene<br>store<br>windows<br>work","books<br>clothes<br>drinks<br>food<br>friends<br>gifts<br>people<br>relatives<br>toys","food<br>water","birthday<br>box<br>car<br>children<br>dessert<br>dinner<br>door<br>flowers<br>gift<br>gifts<br>men<br>people<br>seniors<br>smile<br>speech<br>window<br>wine<br>women","car<br>above<br>butt<br>chair<br>couch<br>down<br>floor<br>inside<br>on<br>outside","boy<br>burglar<br>employees<br>janitor<br>locksmith<br>maintainance worker<br>people<br>police<br>security guard<br>shop<br>watchman<br>woman","children<br>men<br>women<br>adults<br>boyfriend<br>grandson<br>husband<br>lover<br>people<br>son<br>student<br>students","man<br>athlete<br>child<br>cowboy<br>desert<br>dog<br>living things<br>man stranded in desert<br>pilgrim<br>poor people<br>prisoner<br>refugee<br>runner<br>seafarers<br>stranger<br>torture victim<br>victim<br>worker","friend<br>husband<br>aeroplane<br>brother<br>cats<br>delivery boy<br>dogs<br>family member<br>guest<br>kids<br>mentally disabed adults<br>moms<br>neighbor<br>steward/waiter<br>toddlers<br>truck<br>wife","child<br>gorillas<br>judge<br>man<br>monkeys<br>people<br>president<br>salman khan<br>teacher<br>woman","","","THE MAN SIT ON THE CHAIR","HE CANNOT SIT WHEN THERE IS NO CHAIR","HER HUSBAND CAME TO HOME AND EXPRESS HIS HAPPINESS ABOUT THE GIFT","THE STRANGER TRIES TO DRINK WATER, BUT THERE IS NO WATER.","","HIS ACTION WAS NOT AFFECTED WHEN THERE IS NOBODY","THE STUDENT THANK FOR THE GIFT","THE THING WAS NOT AFFECTED IN DESERT","NO COMMANDS","THE BOY THOUGHT ABOUNT THE LOCK CODE AND TRY IT","THE THING WAS NOT AFFECTED AT BANK","","","",""
"1DKDSRVMQMN8LFMZV54DDXMB6UF0BB","1NOCZYH76WNFVEY43IJN8DTGU1TCR7","Write Creative Sentences","We'll give you a list of actions (plus ideas for who is doing the action).  You write a sentence where the action is done in a certain way / style.  Possible bonus for creativity.","creative write sentence transitivity nouns verbs writing generation bonus reward","$0.10","Tue Mar 02 16:29:49 GMT 2010","1","","86400","604800","Tue Mar 09 16:29:49 GMT 2010","64","","1IPML581O8AUJKWRH4VE0STVWW7UJM","A2PP9RLOIB6QHJ","Approved","Tue Mar 02 20:55:35 GMT 2010","Tue Mar 02 21:00:15 GMT 2010","Tue Mar 09 21:00:15 GMT 2010","2010/03/09 21:01:05 +0000","","","280","benefit","<ul>

  <li> We'll show you an action (represented by a video), things that can do the
  action, and some things the action can be done to, and you'll write two
  sentences combining them together.

  <li> We're interested in how the concept of benefit is expressed.  One
  sentence you write will be where the thing to which the action was done
  <b>benefited</b>.  The other sentence will be where the thing doing the action
  <b>was not affected</b>.

  <li> The suggested things that can do the action or that can have the action
  done to them are ideas to get your creative juices flowing.  They came
  from other people on Mechanical Turk, so some of them might not make sense
  (nobody's perfect); if so, please ignore them.  You don't have to use the
  suggested things that can do the action or things that the action can be done
  to.  <b>The only requirement is that you use a form of the specified action
  and to have the sentence reflect that the action benefited something (or not).</b>

  <li> There are a number of different reasons why sentences might have
  benefited.  The action changes the the object, or the action has some innate
  positive connotation, or the sentence makes it clear.  Here are some sentences
  where the thing to which the action is done benefits.

       <ul>
        <li> <i>save</i>: The St. Bernard <i>saves</i> the climber.
        <li> <i>help</i>: Patrick <i>helped</i> Joe pay his rent.
        <li> <i>gave</i>: Mary <i>gave</i> Bob a compliment.
       </ul>

  <li> Sentences where the object is unaffected are ones in which the object
  might not even know the action happened or where the thing to which action is
  being done is not present.

  <ul>

    <li> <i>thought</i>: Ed </i>thought</i> about Jill.

    <li> <i>wave</i>: Melanie <i>waved</i> at a cop in Toledo.

    <li> <i>shine</i>: The stars <i>shined</i> in the sky.

  </ul>

  <li> It might not be possible to write a sentence with the action and
  properties as given.  If so, click the box that says ""it's not possible to
  write such a sentence.""

  <li> Don't try too hard to force sentences where the thing to which the action
  was done benefits (or not).  It might be impossible to write such a sentence;
  however, you should be able to write a sentence of the other type.

  <li> Please make sure your sentences make sense and that you try to answer all
  of the questions.  Incomplete or incoherent responses will be rejected.

  <li> We'll pay a bonus for particularly creative sentences (something that
  makes sense and wouldn't look out of place in a book or newspaper).

</ul>","<object width=""425"" height=""344""><param name=""movie"" value=""http://www.youtube.com/v/ZWiZiUsba2E&hl=de_DE&fs=1&rel=0&color1=0x5d1719&color2=0xcd311b""></param><param name=""allowFullScreen"" value=""true""></param><param name=""allowscriptaccess"" value=""always""></param><embed src=""http://www.youtube.com/v/ZWiZiUsba2E&autoplay=1&loop=1&hl=de_DE&fs=1&rel=0&color1=0x5d1719&color2=0xcd311b"" type=""application/x-shockwave-flash"" allowscriptaccess=""always"" allowfullscreen=""true"" width=""425"" height=""344""></embed></object>","<object width=""425"" height=""344""><param name=""movie"" value=""http://www.youtube.com/v/BaFOgFs7cDQ&hl=de_DE&fs=1&rel=0&color1=0x5d1719&color2=0xcd311b""></param><param name=""allowFullScreen"" value=""true""></param><param name=""allowscriptaccess"" value=""always""></param><embed src=""http://www.youtube.com/v/BaFOgFs7cDQ&autoplay=1&loop=1&hl=de_DE&fs=1&rel=0&color1=0x5d1719&color2=0xcd311b"" type=""application/x-shockwave-flash"" allowscriptaccess=""always"" allowfullscreen=""true"" width=""425"" height=""344""></embed></object>","<object width=""425"" height=""344""><param name=""movie"" value=""http://www.youtube.com/v/nicBVkt39mE&hl=de_DE&fs=1&rel=0&color1=0x5d1719&color2=0xcd311b""></param><param name=""allowFullScreen"" value=""true""></param><param name=""allowscriptaccess"" value=""always""></param><embed src=""http://www.youtube.com/v/nicBVkt39mE&autoplay=1&loop=1&hl=de_DE&fs=1&rel=0&color1=0x5d1719&color2=0xcd311b"" type=""application/x-shockwave-flash"" allowscriptaccess=""always"" allowfullscreen=""true"" width=""425"" height=""344""></embed></object>","<object width=""425"" height=""344""><param name=""movie"" value=""http://www.youtube.com/v/T9k5tTLlAkg&hl=de_DE&fs=1&rel=0&color1=0x5d1719&color2=0xcd311b""></param><param name=""allowFullScreen"" value=""true""></param><param name=""allowscriptaccess"" value=""always""></param><embed src=""http://www.youtube.com/v/T9k5tTLlAkg&autoplay=1&loop=1&hl=de_DE&fs=1&rel=0&color1=0x5d1719&color2=0xcd311b"" type=""application/x-shockwave-flash"" allowscriptaccess=""always"" allowfullscreen=""true"" width=""425"" height=""344""></embed></object>","<object width=""425"" height=""344""><param name=""movie"" value=""http://www.youtube.com/v/cP0aYgjt7_g&hl=de_DE&fs=1&rel=0&color1=0x5d1719&color2=0xcd311b""></param><param name=""allowFullScreen"" value=""true""></param><param name=""allowscriptaccess"" value=""always""></param><embed src=""http://www.youtube.com/v/cP0aYgjt7_g&autoplay=1&loop=1&hl=de_DE&fs=1&rel=0&color1=0x5d1719&color2=0xcd311b"" type=""application/x-shockwave-flash"" allowscriptaccess=""always"" allowfullscreen=""true"" width=""425"" height=""344""></embed></object>","hear","write","find","shut","play","Write a sentence where the thing to which the action was done benefited greatly by the action (to hear).","Write a sentence where the thing to which the action was done benefited greatly by the action (to write).","Write a sentence where the thing to which the action was done benefited greatly by the action (to find).","Write a sentence where the thing to which the action was done benefited greatly by the action (to shut).","Write a sentence where the thing to which the action was done benefited greatly by the action (to play).","Write a sentence where the thing to which the action was done was not affected at all by the action (to hear).","Write a sentence where the thing to which the action was done was not affected at all by the action (to write).","Write a sentence where the thing to which the action was done was not affected at all by the action (to find).","Write a sentence where the thing to which the action was done was not affected at all by the action (to shut).","Write a sentence where the thing to which the action was done was not affected at all by the action (to play).","footsteps<br>noises<br>sounds<br>suggestions<br>voices<br>whispers","letters<br>lists<br>memos<br>novels<br>songs<br>stories","a man searching the money<br>address<br>books<br>clothes<br>freedom<br>friends<br>he is searching for money<br>keys<br>lost<br>money<br>nemo<br>pages<br>toys<br>wallet","door<br>window<br>a man locking the door<br>books<br>case<br>he is closing a door<br>mind<br>notes<br>subject<br>trunk","cards<br>ball<br>baseball<br>basketball<br>chips<br>dolls<br>euchre<br>farm<br>fish<br>football<br>games<br>gelt<br>hopscotch<br>jump rope<br>life<br>make believe<br>money<br>people<br>sports<br>stakes","audience<br>church-goers<br>customer<br>judge<br>student<br>students","man<br>woman<br>bird<br>boy<br>cd/dvd writer<br>elephant<br>girl<br>monkey<br>person<br>primate<br>printer<br>reporter<br>shakesphere<br>student","men<br>women<br>actor<br>adultsgrab<br>boy<br>boys<br>children<br>girls<br>man<br>monkeys<br>people<br>pupil<br>student","watchman<br>man<br>shopman","human beings<br>anilmals<br>casino player<br>cat<br>child<br>recreational player","on","","Human beings playing cards","","a man closing the door","a Men searching for money","on","a shop man doing notes","By student , Stories","Monkeys searching for clothes","Listing elephant","By student , Whispering","","","","",""
"1DH91PVUXX5K5XVQEOKGZ13YG3KGV0","1NOCZYH76WNFVEY43IJN8DTGU1TCR7","Write Creative Sentences","We'll give you a list of actions (plus ideas for who is doing the action).  You write a sentence where the action is done in a certain way / style.  Possible bonus for creativity.","creative write sentence transitivity nouns verbs writing generation bonus reward","$0.10","Tue Mar 02 16:29:49 GMT 2010","1","","86400","604800","Tue Mar 09 16:29:49 GMT 2010","61","","12CM38GRB6E0G75SMF49EGI6NYO1W0","A1U1C1QXQY8TLJ","Approved","Thu Mar 04 03:36:41 GMT 2010","Thu Mar 04 03:40:34 GMT 2010","Thu Mar 11 03:40:34 GMT 2010","2010/03/11 03:41:05 +0000","","","233","benefit","<ul>

  <li> We'll show you an action (represented by a video), things that can do the
  action, and some things the action can be done to, and you'll write two
  sentences combining them together.

  <li> We're interested in how the concept of benefit is expressed.  One
  sentence you write will be where the thing to which the action was done
  <b>benefited</b>.  The other sentence will be where the thing doing the action
  <b>was not affected</b>.

  <li> The suggested things that can do the action or that can have the action
  done to them are ideas to get your creative juices flowing.  They came
  from other people on Mechanical Turk, so some of them might not make sense
  (nobody's perfect); if so, please ignore them.  You don't have to use the
  suggested things that can do the action or things that the action can be done
  to.  <b>The only requirement is that you use a form of the specified action
  and to have the sentence reflect that the action benefited something (or not).</b>

  <li> There are a number of different reasons why sentences might have
  benefited.  The action changes the the object, or the action has some innate
  positive connotation, or the sentence makes it clear.  Here are some sentences
  where the thing to which the action is done benefits.

       <ul>
        <li> <i>save</i>: The St. Bernard <i>saves</i> the climber.
        <li> <i>help</i>: Patrick <i>helped</i> Joe pay his rent.
        <li> <i>gave</i>: Mary <i>gave</i> Bob a compliment.
       </ul>

  <li> Sentences where the object is unaffected are ones in which the object
  might not even know the action happened or where the thing to which action is
  being done is not present.

  <ul>

    <li> <i>thought</i>: Ed </i>thought</i> about Jill.

    <li> <i>wave</i>: Melanie <i>waved</i> at a cop in Toledo.

    <li> <i>shine</i>: The stars <i>shined</i> in the sky.

  </ul>

  <li> It might not be possible to write a sentence with the action and
  properties as given.  If so, click the box that says ""it's not possible to
  write such a sentence.""

  <li> Don't try too hard to force sentences where the thing to which the action
  was done benefits (or not).  It might be impossible to write such a sentence;
  however, you should be able to write a sentence of the other type.

  <li> Please make sure your sentences make sense and that you try to answer all
  of the questions.  Incomplete or incoherent responses will be rejected.

  <li> We'll pay a bonus for particularly creative sentences (something that
  makes sense and wouldn't look out of place in a book or newspaper).

</ul>","<object width=""425"" height=""344""><param name=""movie"" value=""http://www.youtube.com/v/KNUPKHH4228&hl=de_DE&fs=1&rel=0&color1=0x5d1719&color2=0xcd311b""></param><param name=""allowFullScreen"" value=""true""></param><param name=""allowscriptaccess"" value=""always""></param><embed src=""http://www.youtube.com/v/KNUPKHH4228&autoplay=1&loop=1&hl=de_DE&fs=1&rel=0&color1=0x5d1719&color2=0xcd311b"" type=""application/x-shockwave-flash"" allowscriptaccess=""always"" allowfullscreen=""true"" width=""425"" height=""344""></embed></object>","<object width=""425"" height=""344""><param name=""movie"" value=""http://www.youtube.com/v/OI0e1_Z6Rgc&hl=de_DE&fs=1&rel=0&color1=0x5d1719&color2=0xcd311b""></param><param name=""allowFullScreen"" value=""true""></param><param name=""allowscriptaccess"" value=""always""></param><embed src=""http://www.youtube.com/v/OI0e1_Z6Rgc&autoplay=1&loop=1&hl=de_DE&fs=1&rel=0&color1=0x5d1719&color2=0xcd311b"" type=""application/x-shockwave-flash"" allowscriptaccess=""always"" allowfullscreen=""true"" width=""425"" height=""344""></embed></object>","<object width=""425"" height=""344""><param name=""movie"" value=""http://www.youtube.com/v/qSu9nz-7t3c&hl=de_DE&fs=1&rel=0&color1=0x5d1719&color2=0xcd311b""></param><param name=""allowFullScreen"" value=""true""></param><param name=""allowscriptaccess"" value=""always""></param><embed src=""http://www.youtube.com/v/qSu9nz-7t3c&autoplay=1&loop=1&hl=de_DE&fs=1&rel=0&color1=0x5d1719&color2=0xcd311b"" type=""application/x-shockwave-flash"" allowscriptaccess=""always"" allowfullscreen=""true"" width=""425"" height=""344""></embed></object>","<object width=""425"" height=""344""><param name=""movie"" value=""http://www.youtube.com/v/SjSCmAGifxo&hl=de_DE&fs=1&rel=0&color1=0x5d1719&color2=0xcd311b""></param><param name=""allowFullScreen"" value=""true""></param><param name=""allowscriptaccess"" value=""always""></param><embed src=""http://www.youtube.com/v/SjSCmAGifxo&autoplay=1&loop=1&hl=de_DE&fs=1&rel=0&color1=0x5d1719&color2=0xcd311b"" type=""application/x-shockwave-flash"" allowscriptaccess=""always"" allowfullscreen=""true"" width=""425"" height=""344""></embed></object>","<object width=""425"" height=""344""><param name=""movie"" value=""http://www.youtube.com/v/WDKvvls5D3Y&hl=de_DE&fs=1&rel=0&color1=0x5d1719&color2=0xcd311b""></param><param name=""allowFullScreen"" value=""true""></param><param name=""allowscriptaccess"" value=""always""></param><embed src=""http://www.youtube.com/v/WDKvvls5D3Y&autoplay=1&loop=1&hl=de_DE&fs=1&rel=0&color1=0x5d1719&color2=0xcd311b"" type=""application/x-shockwave-flash"" allowscriptaccess=""always"" allowfullscreen=""true"" width=""425"" height=""344""></embed></object>","mind","feel","get","come","like","Write a sentence where the thing to which the action was done benefited greatly by the action (to mind).","Write a sentence where the thing to which the action was done benefited greatly by the action (to feel).","Write a sentence where the thing to which the action was done benefited greatly by the action (to get).","Write a sentence where the thing to which the action was done benefited greatly by the action (to come).","Write a sentence where the thing to which the action was done benefited greatly by the action (to like).","Write a sentence where the thing to which the action was done was not affected at all by the action (to mind).","Write a sentence where the thing to which the action was done was not affected at all by the action (to feel).","Write a sentence where the thing to which the action was done was not affected at all by the action (to get).","Write a sentence where the thing to which the action was done was not affected at all by the action (to come).","Write a sentence where the thing to which the action was done was not affected at all by the action (to like).","baby<br>bell<br>boys<br>children<br>computer<br>dog<br>horn<br>humans<br>kids<br>men<br>music<br>people<br>phone<br>roommate<br>spouse<br>story<br>women","children<br>crowd<br>elders<br>emotion<br>friend<br>game<br>idol<br>love<br>men<br>outcome<br>pain<br>people<br>sorrow<br>women","books<br>chill<br>clothes<br>clothing<br>dolls<br>food<br>grass<br>ideas<br>money<br>paper<br>time","america<br>closer<br>for you<br>tomorrow<br>towards","children<br>babies<br>friend<br>friends<br>grandparents<br>husband<br>lover<br>parents<br>relative<br>siblings<br>spouse<br>toy<br>toys<br>tree<br>wife","animals<br>human beings<br>listner<br>speaker","pets<br>babies<br>children<br>dog<br>friend<br>humans<br>husband<br>lover<br>me<br>people<br>you","monkeys<br>babies<br>brother<br>cats<br>chimps<br>dogs<br>guest<br>humans<br>man<br>men<br>people<br>servant<br>visitor<br>women","animals<br>guy<br>human beings<br>lady<br>roberts","mother<br>girl<br>woman<br>animal<br>animals<br>baby<br>boyfriend<br>child<br>children<br>father<br>friends<br>girlfriend<br>lovers<br>nurse<br>old peoples<br>parent","","","A man is making fun of a toy his sister once had.","","Roberts is told to come closer for you.","A man decides to take a bite out of a great idea.","","","Husband singing, ""You are soooo beautiful, to me, cant you see!"" to show his love.","","","Human beings cannot stand the sight of a womans scorn.","","","","",""
