"HITId","HITTypeId","Title","Description","Keywords","Reward","CreationTime","MaxAssignments","RequesterAnnotation","AssignmentDurationInSeconds","AutoApprovalDelayInSeconds","Expiration","NumberOfSimilarHITs","LifetimeInSeconds","AssignmentId","WorkerId","AssignmentStatus","AcceptTime","SubmitTime","AutoApprovalTime","ApprovalTime","RejectionTime","RequesterFeedback","WorkTimeInSeconds","Input.feature","Input.instructions","Input.video0","Input.video1","Input.video2","Input.video3","Input.video4","Input.verb0","Input.verb1","Input.verb2","Input.verb3","Input.verb4","Input.prompt0a","Input.prompt1a","Input.prompt2a","Input.prompt3a","Input.prompt4a","Input.prompt0b","Input.prompt1b","Input.prompt2b","Input.prompt3b","Input.prompt4b","Input.objects0","Input.objects1","Input.objects2","Input.objects3","Input.objects4","Input.subjects0","Input.subjects1","Input.subjects2","Input.subjects3","Input.subjects4","Answer.comments","Answer.answer4a","Answer.answer4b","Answer.answer3a","Answer.answer2a","Answer.answer3b","Answer.answer1a","Answer.answer2b","Answer.answer1b","Answer.answer0a","Answer.answer0b","Answer.impossible1bClicked","Answer.impossible0bClicked","Answer.impossible4bClicked","Approve","Reject"
"1LNU4M8MDPX19RQVJZ70607SYKMGY9","1NOCZYH76WNFVEY43IJN8DTGU1TCR7","Write Creative Sentences","We'll give you a list of actions (plus ideas for who is doing the action).  You write a sentence where the action is done in a certain way / style.  Possible bonus for creativity.","creative write sentence transitivity nouns verbs writing generation bonus reward","$0.10","Tue Mar 02 16:36:59 GMT 2010","1","","86400","604800","Tue Mar 09 16:36:59 GMT 2010","36","","1YC2TGJKMYU3MBUZHZQAH04L4PAQXR","A1ZT5L53XWOVLY","Approved","Mon Mar 08 12:24:11 GMT 2010","Mon Mar 08 12:31:40 GMT 2010","Mon Mar 15 12:31:40 GMT 2010","2010/03/15 12:36:05 +0000","","","449","kinesis","<ul>

  <li> We'll show you an action (represented by a video), things that can do the
  action, and some things the action can be done to, and you'll write two
  sentences combining them together.

  <li> We're interested in how the concept of movement is expressed.  One sentence
  you write will be where the thing doing the action <b>moves while performing the 
  action</b>.  The other sentence will be where the thing doing the action
  <b>does not move while performing the action</b>.

  <li> The suggested things that can do the action or that can have the action
  done to them are ideas to get your creative juices flowing.  They came
  from other people on Mechanical Turk, so some of them might not make sense
  (nobody's perfect); if so, please ignore them.  You don't have to use the
  suggested things that can do the action or things that the action can be done
  to.  <b>The only requirement is that you use a form of the specified action
  and to have the sentence reflect that movement is (or is not) happening.</b>

  <li> There are a number of different reasons why sentences might not have
  movement.  The thing doing the action might not have a physical presence or
  the ""action"" is actually a thought or a state which doesn't require any
  movement.  Here are some sentences where movement is <b>not</b> taking place.

       <ul>
        <li> <i>push</i>: I pushed myself to finish the project.
        <li> <i>jumped</i>: The corporation <i>jumped</i> to a silly conclusion.
        <li> <i>like</i>: John <i>likes</i> beer.
       </ul>

  <li> Sentences where movement happens clearly have someone or something
  performing a physical action.  For example:

  <ul>

    <li> <i>push</i>: Ed </i>pushed</i> his poor sister into the lake.

    <li> <i>jumped</i>: Sue <i>jumped</i> out of an airplane.

    <li> <i>wash</i>: Joe <i>washed</i> my car in the driveway this morning.

  </ul>

  <li> It might not be possible to write a sentence with the action and
  properties as given.  If so, click the box that says ""it's not possible to
  write such a sentence.""

  <li> Note that we're interested in what happens with the action happens, not
  what happens before or after.  It's okay to say that it's impossible to write
  sentences; however, if you can't write a sentence with motion, you should be
  able to write one without (and the other way around).

  <li> Please make sure your sentences make sense and that you try to answer all
  of the questions.  Incomplete or incoherent responses will be rejected.

  <li> We'll pay a bonus for particularly creative sentences (something that
  makes sense and wouldn't look out of place in a book or newspaper).

</ul>","<object width=""425"" height=""344""><param name=""movie"" value=""http://www.youtube.com/v/4Pv1SHHsbys&hl=de_DE&fs=1&rel=0&color1=0x5d1719&color2=0xcd311b""></param><param name=""allowFullScreen"" value=""true""></param><param name=""allowscriptaccess"" value=""always""></param><embed src=""http://www.youtube.com/v/4Pv1SHHsbys&autoplay=1&loop=1&hl=de_DE&fs=1&rel=0&color1=0x5d1719&color2=0xcd311b"" type=""application/x-shockwave-flash"" allowscriptaccess=""always"" allowfullscreen=""true"" width=""425"" height=""344""></embed></object>","<object width=""425"" height=""344""><param name=""movie"" value=""http://www.youtube.com/v/BaFOgFs7cDQ&hl=de_DE&fs=1&rel=0&color1=0x5d1719&color2=0xcd311b""></param><param name=""allowFullScreen"" value=""true""></param><param name=""allowscriptaccess"" value=""always""></param><embed src=""http://www.youtube.com/v/BaFOgFs7cDQ&autoplay=1&loop=1&hl=de_DE&fs=1&rel=0&color1=0x5d1719&color2=0xcd311b"" type=""application/x-shockwave-flash"" allowscriptaccess=""always"" allowfullscreen=""true"" width=""425"" height=""344""></embed></object>","<object width=""425"" height=""344""><param name=""movie"" value=""http://www.youtube.com/v/BRG5Vr4nB3A&hl=de_DE&fs=1&rel=0&color1=0x5d1719&color2=0xcd311b""></param><param name=""allowFullScreen"" value=""true""></param><param name=""allowscriptaccess"" value=""always""></param><embed src=""http://www.youtube.com/v/BRG5Vr4nB3A&autoplay=1&loop=1&hl=de_DE&fs=1&rel=0&color1=0x5d1719&color2=0xcd311b"" type=""application/x-shockwave-flash"" allowscriptaccess=""always"" allowfullscreen=""true"" width=""425"" height=""344""></embed></object>","<object width=""425"" height=""344""><param name=""movie"" value=""http://www.youtube.com/v/IU47l2qeVfE&hl=de_DE&fs=1&rel=0&color1=0x5d1719&color2=0xcd311b""></param><param name=""allowFullScreen"" value=""true""></param><param name=""allowscriptaccess"" value=""always""></param><embed src=""http://www.youtube.com/v/IU47l2qeVfE&autoplay=1&loop=1&hl=de_DE&fs=1&rel=0&color1=0x5d1719&color2=0xcd311b"" type=""application/x-shockwave-flash"" allowscriptaccess=""always"" allowfullscreen=""true"" width=""425"" height=""344""></embed></object>","<object width=""425"" height=""344""><param name=""movie"" value=""http://www.youtube.com/v/FG5y-0rEjog&hl=de_DE&fs=1&rel=0&color1=0x5d1719&color2=0xcd311b""></param><param name=""allowFullScreen"" value=""true""></param><param name=""allowscriptaccess"" value=""always""></param><embed src=""http://www.youtube.com/v/FG5y-0rEjog&autoplay=1&loop=1&hl=de_DE&fs=1&rel=0&color1=0x5d1719&color2=0xcd311b"" type=""application/x-shockwave-flash"" allowscriptaccess=""always"" allowfullscreen=""true"" width=""425"" height=""344""></embed></object>","call","write","see","read","bring","Write a sentence where the thing doing the action uses movement to call.","Write a sentence where the thing doing the action uses movement to write.","Write a sentence where the thing doing the action uses movement to see.","Write a sentence where the thing doing the action uses movement to read.","Write a sentence where the thing doing the action uses movement to bring.","Write a sentence where the thing doing the action does not use movment to call.","Write a sentence where the thing doing the action does not use movment to write.","Write a sentence where the thing doing the action does not use movment to see.","Write a sentence where the thing doing the action does not use movment to read.","Write a sentence where the thing doing the action does not use movment to bring.","cat<br>dog<br>dr. love<br>friend<br>friends<br>games<br>help<br>home<br>house<br>information<br>number<br>phone<br>relative<br>work","letters<br>lists<br>memos<br>novels<br>songs<br>stories","books<br>clothes<br>food<br>people<br>address<br>cars<br>dog<br>job<br>names<br>nudity<br>places<br>plate<br>shoes<br>tv","articles<br>blog<br>book<br>books<br>cars<br>colors<br>dramas<br>essays<br>instructions<br>leaves<br>letters<br>magazine<br>newspaper<br>novels<br>pages<br>stories<br>traffic lights","birthday<br>box<br>car<br>children<br>dessert<br>dinner<br>door<br>flowers<br>gift<br>gifts<br>men<br>people<br>seniors<br>smile<br>speech<br>window<br>wine<br>women","man<br>woman<br>artist<br>businessman<br>child<br>custmer care<br>fireservice<br>friends<br>secretary<br>student<br>teacher<br>teenager<br>telecallers<br>women","man<br>woman<br>bird<br>boy<br>cd/dvd writer<br>elephant<br>girl<br>monkey<br>person<br>primate<br>printer<br>reporter<br>shakesphere<br>student","animals<br>birds<br>brother<br>cats<br>cows<br>dogs<br>horses<br>humans<br>man<br>neighbor<br>people<br>pets<br>son","student<br>teacher<br>adult<br>businessman<br>child<br>instructor<br>ladies<br>man<br>oldman<br>people<br>professor<br>secretary<br>writer","friend<br>husband<br>aeroplane<br>brother<br>cats<br>delivery boy<br>dogs<br>family member<br>guest<br>kids<br>mentally disabed adults<br>moms<br>neighbor<br>steward/waiter<br>toddlers<br>truck<br>wife","","He brought two things for his friend.","","He searched the book for the text.","He searched for the food.","He read the pages of the book.","He wrote songs in his register.","He gazed at the food.","","He dialled the number to call.","","on","on","on"
"1BZY64YR4I1TKI8ZXCX93SOFA4VOTF","1NOCZYH76WNFVEY43IJN8DTGU1TCR7","Write Creative Sentences","We'll give you a list of actions (plus ideas for who is doing the action).  You write a sentence where the action is done in a certain way / style.  Possible bonus for creativity.","creative write sentence transitivity nouns verbs writing generation bonus reward","$0.10","Tue Mar 02 16:36:59 GMT 2010","1","","86400","604800","Tue Mar 09 16:36:59 GMT 2010","69","","1WBT4JGUHP38MHDA3GNM669YX05QLE","A3IWUI6C8JNT9H","Approved","Tue Mar 02 20:33:49 GMT 2010","Tue Mar 02 20:36:50 GMT 2010","Tue Mar 09 20:36:50 GMT 2010","2010/03/09 20:41:05 +0000","","","181","kinesis","<ul>

  <li> We'll show you an action (represented by a video), things that can do the
  action, and some things the action can be done to, and you'll write two
  sentences combining them together.

  <li> We're interested in how the concept of movement is expressed.  One sentence
  you write will be where the thing doing the action <b>moves while performing the 
  action</b>.  The other sentence will be where the thing doing the action
  <b>does not move while performing the action</b>.

  <li> The suggested things that can do the action or that can have the action
  done to them are ideas to get your creative juices flowing.  They came
  from other people on Mechanical Turk, so some of them might not make sense
  (nobody's perfect); if so, please ignore them.  You don't have to use the
  suggested things that can do the action or things that the action can be done
  to.  <b>The only requirement is that you use a form of the specified action
  and to have the sentence reflect that movement is (or is not) happening.</b>

  <li> There are a number of different reasons why sentences might not have
  movement.  The thing doing the action might not have a physical presence or
  the ""action"" is actually a thought or a state which doesn't require any
  movement.  Here are some sentences where movement is <b>not</b> taking place.

       <ul>
        <li> <i>push</i>: I pushed myself to finish the project.
        <li> <i>jumped</i>: The corporation <i>jumped</i> to a silly conclusion.
        <li> <i>like</i>: John <i>likes</i> beer.
       </ul>

  <li> Sentences where movement happens clearly have someone or something
  performing a physical action.  For example:

  <ul>

    <li> <i>push</i>: Ed </i>pushed</i> his poor sister into the lake.

    <li> <i>jumped</i>: Sue <i>jumped</i> out of an airplane.

    <li> <i>wash</i>: Joe <i>washed</i> my car in the driveway this morning.

  </ul>

  <li> It might not be possible to write a sentence with the action and
  properties as given.  If so, click the box that says ""it's not possible to
  write such a sentence.""

  <li> Note that we're interested in what happens with the action happens, not
  what happens before or after.  It's okay to say that it's impossible to write
  sentences; however, if you can't write a sentence with motion, you should be
  able to write one without (and the other way around).

  <li> Please make sure your sentences make sense and that you try to answer all
  of the questions.  Incomplete or incoherent responses will be rejected.

  <li> We'll pay a bonus for particularly creative sentences (something that
  makes sense and wouldn't look out of place in a book or newspaper).

</ul>","<object width=""425"" height=""344""><param name=""movie"" value=""http://www.youtube.com/v/lYM3w1t4YA4&hl=de_DE&fs=1&rel=0&color1=0x5d1719&color2=0xcd311b""></param><param name=""allowFullScreen"" value=""true""></param><param name=""allowscriptaccess"" value=""always""></param><embed src=""http://www.youtube.com/v/lYM3w1t4YA4&autoplay=1&loop=1&hl=de_DE&fs=1&rel=0&color1=0x5d1719&color2=0xcd311b"" type=""application/x-shockwave-flash"" allowscriptaccess=""always"" allowfullscreen=""true"" width=""425"" height=""344""></embed></object>","<object width=""425"" height=""344""><param name=""movie"" value=""http://www.youtube.com/v/cr0MKtryoN4&hl=de_DE&fs=1&rel=0&color1=0x5d1719&color2=0xcd311b""></param><param name=""allowFullScreen"" value=""true""></param><param name=""allowscriptaccess"" value=""always""></param><embed src=""http://www.youtube.com/v/cr0MKtryoN4&autoplay=1&loop=1&hl=de_DE&fs=1&rel=0&color1=0x5d1719&color2=0xcd311b"" type=""application/x-shockwave-flash"" allowscriptaccess=""always"" allowfullscreen=""true"" width=""425"" height=""344""></embed></object>","<object width=""425"" height=""344""><param name=""movie"" value=""http://www.youtube.com/v/gli_076l3_k&hl=de_DE&fs=1&rel=0&color1=0x5d1719&color2=0xcd311b""></param><param name=""allowFullScreen"" value=""true""></param><param name=""allowscriptaccess"" value=""always""></param><embed src=""http://www.youtube.com/v/gli_076l3_k&autoplay=1&loop=1&hl=de_DE&fs=1&rel=0&color1=0x5d1719&color2=0xcd311b"" type=""application/x-shockwave-flash"" allowscriptaccess=""always"" allowfullscreen=""true"" width=""425"" height=""344""></embed></object>","<object width=""425"" height=""344""><param name=""movie"" value=""http://www.youtube.com/v/WDKvvls5D3Y&hl=de_DE&fs=1&rel=0&color1=0x5d1719&color2=0xcd311b""></param><param name=""allowFullScreen"" value=""true""></param><param name=""allowscriptaccess"" value=""always""></param><embed src=""http://www.youtube.com/v/WDKvvls5D3Y&autoplay=1&loop=1&hl=de_DE&fs=1&rel=0&color1=0x5d1719&color2=0xcd311b"" type=""application/x-shockwave-flash"" allowscriptaccess=""always"" allowfullscreen=""true"" width=""425"" height=""344""></embed></object>","<object width=""425"" height=""344""><param name=""movie"" value=""http://www.youtube.com/v/_OCUHLuoa9g&hl=de_DE&fs=1&rel=0&color1=0x5d1719&color2=0xcd311b""></param><param name=""allowFullScreen"" value=""true""></param><param name=""allowscriptaccess"" value=""always""></param><embed src=""http://www.youtube.com/v/_OCUHLuoa9g&autoplay=1&loop=1&hl=de_DE&fs=1&rel=0&color1=0x5d1719&color2=0xcd311b"" type=""application/x-shockwave-flash"" allowscriptaccess=""always"" allowfullscreen=""true"" width=""425"" height=""344""></embed></object>","look","stay","let","like","try","Write a sentence where the thing doing the action uses movement to look.","Write a sentence where the thing doing the action uses movement to stay.","Write a sentence where the thing doing the action uses movement to let.","Write a sentence where the thing doing the action uses movement to like.","Write a sentence where the thing doing the action uses movement to try.","Write a sentence where the thing doing the action does not use movment to look.","Write a sentence where the thing doing the action does not use movment to stay.","Write a sentence where the thing doing the action does not use movment to let.","Write a sentence where the thing doing the action does not use movment to like.","Write a sentence where the thing doing the action does not use movment to try.","address<br>child<br>eyes<br>friend<br>home<br>people<br>someone<br>taxi","cars<br>comments<br>motion<br>movement<br>opinions<br>time","children<br>people<br>elders<br>friends<br>guests<br>men<br>pets<br>subordinates<br>wife<br>women","children<br>babies<br>friend<br>friends<br>grandparents<br>husband<br>lover<br>parents<br>relative<br>siblings<br>spouse<br>toy<br>toys<br>tree<br>wife","attempt<br>back<br>basket<br>box<br>boxees<br>car<br>carrots<br>child<br>corn<br>fridge<br>furniture<br>groceries<br>hamstring<br>mission<br>patience<br>peas<br>quest<br>speakers<br>suitcase<br>task<br>tools<br>vegetables<br>weights","children<br>men<br>women<br>adults<br>animals<br>boy<br>father<br>man<br>monkeys<br>people<br>person<br>son","animal<br>boyfriend<br>follower<br>girl<br>girlfriend<br>man<br>men<br>people<br>police<br>rapist<br>serial killer<br>smitten person<br>spouse<br>stalker<br>woman<br>women","girl<br>lady<br>techer","mother<br>girl<br>woman<br>animal<br>animals<br>baby<br>boyfriend<br>child<br>children<br>father<br>friends<br>girlfriend<br>lovers<br>nurse<br>old peoples<br>parent","boy<br>crane<br>dog<br>elephant<br>father<br>girl<br>horse<br>jack<br>machine<br>man<br>monkey<br>mother<br>person<br>pulley<br>robot<br>woman<br>wrestler","","The boy tries to move the suitcase.","The boy cannot move the suitcase.","The boyfriend likes the toy.","The lady is let in front of the men.","The boyfriend bought a present.","The boyfriend has to stay this time.","The lady walks by the man.","The girlfriend leaves the boyfriend.","The father looks for the child.","The father searches for the child.","","",""
"1FJTRXQC6I8R6DNLXAJMAKFHV603QL","1NOCZYH76WNFVEY43IJN8DTGU1TCR7","Write Creative Sentences","We'll give you a list of actions (plus ideas for who is doing the action).  You write a sentence where the action is done in a certain way / style.  Possible bonus for creativity.","creative write sentence transitivity nouns verbs writing generation bonus reward","$0.10","Tue Mar 02 16:37:00 GMT 2010","1","","86400","604800","Tue Mar 09 16:37:00 GMT 2010","58","","1AGNXX9FGTR7M4JUMIXN09LK1MQYPW","A1U1C1QXQY8TLJ","Approved","Thu Mar 04 02:56:55 GMT 2010","Thu Mar 04 03:00:10 GMT 2010","Thu Mar 11 03:00:10 GMT 2010","2010/03/11 03:01:05 +0000","","","195","kinesis","<ul>

  <li> We'll show you an action (represented by a video), things that can do the
  action, and some things the action can be done to, and you'll write two
  sentences combining them together.

  <li> We're interested in how the concept of movement is expressed.  One sentence
  you write will be where the thing doing the action <b>moves while performing the 
  action</b>.  The other sentence will be where the thing doing the action
  <b>does not move while performing the action</b>.

  <li> The suggested things that can do the action or that can have the action
  done to them are ideas to get your creative juices flowing.  They came
  from other people on Mechanical Turk, so some of them might not make sense
  (nobody's perfect); if so, please ignore them.  You don't have to use the
  suggested things that can do the action or things that the action can be done
  to.  <b>The only requirement is that you use a form of the specified action
  and to have the sentence reflect that movement is (or is not) happening.</b>

  <li> There are a number of different reasons why sentences might not have
  movement.  The thing doing the action might not have a physical presence or
  the ""action"" is actually a thought or a state which doesn't require any
  movement.  Here are some sentences where movement is <b>not</b> taking place.

       <ul>
        <li> <i>push</i>: I pushed myself to finish the project.
        <li> <i>jumped</i>: The corporation <i>jumped</i> to a silly conclusion.
        <li> <i>like</i>: John <i>likes</i> beer.
       </ul>

  <li> Sentences where movement happens clearly have someone or something
  performing a physical action.  For example:

  <ul>

    <li> <i>push</i>: Ed </i>pushed</i> his poor sister into the lake.

    <li> <i>jumped</i>: Sue <i>jumped</i> out of an airplane.

    <li> <i>wash</i>: Joe <i>washed</i> my car in the driveway this morning.

  </ul>

  <li> It might not be possible to write a sentence with the action and
  properties as given.  If so, click the box that says ""it's not possible to
  write such a sentence.""

  <li> Note that we're interested in what happens with the action happens, not
  what happens before or after.  It's okay to say that it's impossible to write
  sentences; however, if you can't write a sentence with motion, you should be
  able to write one without (and the other way around).

  <li> Please make sure your sentences make sense and that you try to answer all
  of the questions.  Incomplete or incoherent responses will be rejected.

  <li> We'll pay a bonus for particularly creative sentences (something that
  makes sense and wouldn't look out of place in a book or newspaper).

</ul>","<object width=""425"" height=""344""><param name=""movie"" value=""http://www.youtube.com/v/ZngDd1irhYo&hl=de_DE&fs=1&rel=0&color1=0x5d1719&color2=0xcd311b""></param><param name=""allowFullScreen"" value=""true""></param><param name=""allowscriptaccess"" value=""always""></param><embed src=""http://www.youtube.com/v/ZngDd1irhYo&autoplay=1&loop=1&hl=de_DE&fs=1&rel=0&color1=0x5d1719&color2=0xcd311b"" type=""application/x-shockwave-flash"" allowscriptaccess=""always"" allowfullscreen=""true"" width=""425"" height=""344""></embed></object>","<object width=""425"" height=""344""><param name=""movie"" value=""http://www.youtube.com/v/nS82N8sT8B8&hl=de_DE&fs=1&rel=0&color1=0x5d1719&color2=0xcd311b""></param><param name=""allowFullScreen"" value=""true""></param><param name=""allowscriptaccess"" value=""always""></param><embed src=""http://www.youtube.com/v/nS82N8sT8B8&autoplay=1&loop=1&hl=de_DE&fs=1&rel=0&color1=0x5d1719&color2=0xcd311b"" type=""application/x-shockwave-flash"" allowscriptaccess=""always"" allowfullscreen=""true"" width=""425"" height=""344""></embed></object>","<object width=""425"" height=""344""><param name=""movie"" value=""http://www.youtube.com/v/qSu9nz-7t3c&hl=de_DE&fs=1&rel=0&color1=0x5d1719&color2=0xcd311b""></param><param name=""allowFullScreen"" value=""true""></param><param name=""allowscriptaccess"" value=""always""></param><embed src=""http://www.youtube.com/v/qSu9nz-7t3c&autoplay=1&loop=1&hl=de_DE&fs=1&rel=0&color1=0x5d1719&color2=0xcd311b"" type=""application/x-shockwave-flash"" allowscriptaccess=""always"" allowfullscreen=""true"" width=""425"" height=""344""></embed></object>","<object width=""425"" height=""344""><param name=""movie"" value=""http://www.youtube.com/v/KNUPKHH4228&hl=de_DE&fs=1&rel=0&color1=0x5d1719&color2=0xcd311b""></param><param name=""allowFullScreen"" value=""true""></param><param name=""allowscriptaccess"" value=""always""></param><embed src=""http://www.youtube.com/v/KNUPKHH4228&autoplay=1&loop=1&hl=de_DE&fs=1&rel=0&color1=0x5d1719&color2=0xcd311b"" type=""application/x-shockwave-flash"" allowscriptaccess=""always"" allowfullscreen=""true"" width=""425"" height=""344""></embed></object>","<object width=""425"" height=""344""><param name=""movie"" value=""http://www.youtube.com/v/CJAsK96V-lU&hl=de_DE&fs=1&rel=0&color1=0x5d1719&color2=0xcd311b""></param><param name=""allowFullScreen"" value=""true""></param><param name=""allowscriptaccess"" value=""always""></param><embed src=""http://www.youtube.com/v/CJAsK96V-lU&autoplay=1&loop=1&hl=de_DE&fs=1&rel=0&color1=0x5d1719&color2=0xcd311b"" type=""application/x-shockwave-flash"" allowscriptaccess=""always"" allowfullscreen=""true"" width=""425"" height=""344""></embed></object>","remember","sit","get","mind","help","Write a sentence where the thing doing the action uses movement to remember.","Write a sentence where the thing doing the action uses movement to sit.","Write a sentence where the thing doing the action uses movement to get.","Write a sentence where the thing doing the action uses movement to mind.","Write a sentence where the thing doing the action uses movement to help.","Write a sentence where the thing doing the action does not use movment to remember.","Write a sentence where the thing doing the action does not use movment to sit.","Write a sentence where the thing doing the action does not use movment to get.","Write a sentence where the thing doing the action does not use movment to mind.","Write a sentence where the thing doing the action does not use movment to help.","accounts<br>animal<br>brain<br>car<br>doors<br>house<br>human<br>locks<br>night<br>play<br>room<br>scene<br>store<br>windows<br>work","car<br>above<br>butt<br>chair<br>couch<br>down<br>floor<br>inside<br>on<br>outside","books<br>chill<br>clothes<br>clothing<br>dolls<br>food<br>grass<br>ideas<br>money<br>paper<br>time","baby<br>bell<br>boys<br>children<br>computer<br>dog<br>horn<br>humans<br>kids<br>men<br>music<br>people<br>phone<br>roommate<br>spouse<br>story<br>women","children<br>friends","boy<br>burglar<br>employees<br>janitor<br>locksmith<br>maintainance worker<br>people<br>police<br>security guard<br>shop<br>watchman<br>woman","child<br>gorillas<br>judge<br>man<br>monkeys<br>people<br>president<br>salman khan<br>teacher<br>woman","monkeys<br>babies<br>brother<br>cats<br>chimps<br>dogs<br>guest<br>humans<br>man<br>men<br>people<br>servant<br>visitor<br>women","animals<br>human beings<br>listner<br>speaker","child<br>body builders<br>brother<br>dog<br>fire-fighter<br>fireman<br>friend<br>gentlemen<br>heroes<br>human being<br>knights<br>lifeguard<br>man<br>monkeys<br>nurse<br>policeman<br>rescuer<br>teammates<br>woman","","The woman is picked up by one of her friends.","","The listener cannot stand the the sounds of Men Without Hats.","The man is grabbing food.","","The man is slowly sitting into the chair.","","","The boy momentarily forgets the combination to his door.","","","",""
"138UGNNMQ4M1EH00FL9JK7GU4EQGZ0","1NOCZYH76WNFVEY43IJN8DTGU1TCR7","Write Creative Sentences","We'll give you a list of actions (plus ideas for who is doing the action).  You write a sentence where the action is done in a certain way / style.  Possible bonus for creativity.","creative write sentence transitivity nouns verbs writing generation bonus reward","$0.10","Tue Mar 02 16:37:00 GMT 2010","1","","86400","604800","Tue Mar 09 16:37:00 GMT 2010","61","","1A4OU41CGVH8XACO27XO4AC090MOVQ","A3KWZ8J9BYX0B2","Approved","Thu Mar 04 01:10:22 GMT 2010","Thu Mar 04 01:31:03 GMT 2010","Thu Mar 11 01:31:03 GMT 2010","2010/03/11 01:31:05 +0000","","","1241","kinesis","<ul>

  <li> We'll show you an action (represented by a video), things that can do the
  action, and some things the action can be done to, and you'll write two
  sentences combining them together.

  <li> We're interested in how the concept of movement is expressed.  One sentence
  you write will be where the thing doing the action <b>moves while performing the 
  action</b>.  The other sentence will be where the thing doing the action
  <b>does not move while performing the action</b>.

  <li> The suggested things that can do the action or that can have the action
  done to them are ideas to get your creative juices flowing.  They came
  from other people on Mechanical Turk, so some of them might not make sense
  (nobody's perfect); if so, please ignore them.  You don't have to use the
  suggested things that can do the action or things that the action can be done
  to.  <b>The only requirement is that you use a form of the specified action
  and to have the sentence reflect that movement is (or is not) happening.</b>

  <li> There are a number of different reasons why sentences might not have
  movement.  The thing doing the action might not have a physical presence or
  the ""action"" is actually a thought or a state which doesn't require any
  movement.  Here are some sentences where movement is <b>not</b> taking place.

       <ul>
        <li> <i>push</i>: I pushed myself to finish the project.
        <li> <i>jumped</i>: The corporation <i>jumped</i> to a silly conclusion.
        <li> <i>like</i>: John <i>likes</i> beer.
       </ul>

  <li> Sentences where movement happens clearly have someone or something
  performing a physical action.  For example:

  <ul>

    <li> <i>push</i>: Ed </i>pushed</i> his poor sister into the lake.

    <li> <i>jumped</i>: Sue <i>jumped</i> out of an airplane.

    <li> <i>wash</i>: Joe <i>washed</i> my car in the driveway this morning.

  </ul>

  <li> It might not be possible to write a sentence with the action and
  properties as given.  If so, click the box that says ""it's not possible to
  write such a sentence.""

  <li> Note that we're interested in what happens with the action happens, not
  what happens before or after.  It's okay to say that it's impossible to write
  sentences; however, if you can't write a sentence with motion, you should be
  able to write one without (and the other way around).

  <li> Please make sure your sentences make sense and that you try to answer all
  of the questions.  Incomplete or incoherent responses will be rejected.

  <li> We'll pay a bonus for particularly creative sentences (something that
  makes sense and wouldn't look out of place in a book or newspaper).

</ul>","<object width=""425"" height=""344""><param name=""movie"" value=""http://www.youtube.com/v/NTGu3XOLVpo&hl=de_DE&fs=1&rel=0&color1=0x5d1719&color2=0xcd311b""></param><param name=""allowFullScreen"" value=""true""></param><param name=""allowscriptaccess"" value=""always""></param><embed src=""http://www.youtube.com/v/NTGu3XOLVpo&autoplay=1&loop=1&hl=de_DE&fs=1&rel=0&color1=0x5d1719&color2=0xcd311b"" type=""application/x-shockwave-flash"" allowscriptaccess=""always"" allowfullscreen=""true"" width=""425"" height=""344""></embed></object>","<object width=""425"" height=""344""><param name=""movie"" value=""http://www.youtube.com/v/oO5hUgp7ixA&hl=de_DE&fs=1&rel=0&color1=0x5d1719&color2=0xcd311b""></param><param name=""allowFullScreen"" value=""true""></param><param name=""allowscriptaccess"" value=""always""></param><embed src=""http://www.youtube.com/v/oO5hUgp7ixA&autoplay=1&loop=1&hl=de_DE&fs=1&rel=0&color1=0x5d1719&color2=0xcd311b"" type=""application/x-shockwave-flash"" allowscriptaccess=""always"" allowfullscreen=""true"" width=""425"" height=""344""></embed></object>","<object width=""425"" height=""344""><param name=""movie"" value=""http://www.youtube.com/v/pGwjQqGcgJs&hl=de_DE&fs=1&rel=0&color1=0x5d1719&color2=0xcd311b""></param><param name=""allowFullScreen"" value=""true""></param><param name=""allowscriptaccess"" value=""always""></param><embed src=""http://www.youtube.com/v/pGwjQqGcgJs&autoplay=1&loop=1&hl=de_DE&fs=1&rel=0&color1=0x5d1719&color2=0xcd311b"" type=""application/x-shockwave-flash"" allowscriptaccess=""always"" allowfullscreen=""true"" width=""425"" height=""344""></embed></object>","<object width=""425"" height=""344""><param name=""movie"" value=""http://www.youtube.com/v/JlFDwgk3X1g&hl=de_DE&fs=1&rel=0&color1=0x5d1719&color2=0xcd311b""></param><param name=""allowFullScreen"" value=""true""></param><param name=""allowscriptaccess"" value=""always""></param><embed src=""http://www.youtube.com/v/JlFDwgk3X1g&autoplay=1&loop=1&hl=de_DE&fs=1&rel=0&color1=0x5d1719&color2=0xcd311b"" type=""application/x-shockwave-flash"" allowscriptaccess=""always"" allowfullscreen=""true"" width=""425"" height=""344""></embed></object>","<object width=""425"" height=""344""><param name=""movie"" value=""http://www.youtube.com/v/nicBVkt39mE&hl=de_DE&fs=1&rel=0&color1=0x5d1719&color2=0xcd311b""></param><param name=""allowFullScreen"" value=""true""></param><param name=""allowscriptaccess"" value=""always""></param><embed src=""http://www.youtube.com/v/nicBVkt39mE&autoplay=1&loop=1&hl=de_DE&fs=1&rel=0&color1=0x5d1719&color2=0xcd311b"" type=""application/x-shockwave-flash"" allowscriptaccess=""always"" allowfullscreen=""true"" width=""425"" height=""344""></embed></object>","eat","wait","start","use","find","Write a sentence where the thing doing the action uses movement to eat.","Write a sentence where the thing doing the action uses movement to wait.","Write a sentence where the thing doing the action uses movement to start.","Write a sentence where the thing doing the action uses movement to use.","Write a sentence where the thing doing the action uses movement to find.","Write a sentence where the thing doing the action does not use movment to eat.","Write a sentence where the thing doing the action does not use movment to wait.","Write a sentence where the thing doing the action does not use movment to start.","Write a sentence where the thing doing the action does not use movment to use.","Write a sentence where the thing doing the action does not use movment to find.","food<br>pizza<br>cake<br>cereal<br>chicken<br>dessert<br>dinner<br>dog food<br>fingernails<br>medicines<br>pasta<br>pie<br>salad","tables","athletes<br>cars<br>clock<br>greyhounds<br>horses<br>runners","bones<br>dishes<br>door<br>glasses<br>remote<br>tv","a man searching the money<br>address<br>books<br>clothes<br>freedom<br>friends<br>he is searching for money<br>keys<br>lost<br>money<br>nemo<br>pages<br>toys<br>wallet","monkey<br>amitabh<br>cat<br>dog<br>kid<br>men<br>monk<br>people<br>sachin<br>sherpa<br>sportsman<br>woman<br>women","bus<br>bus train<br>human beings<br>lover<br>passenger for taxi<br>passenger for train<br>people<br>student<br>train<br>vehicles","athlete<br>atheletic<br>cricketer<br>deer<br>dog<br>leopard<br>prey<br>tiger","man<br>woman<br>boy<br>child<br>dont understand<br>girl<br>human<br>person<br>primate<br>robot","men<br>women<br>actor<br>adultsgrab<br>boy<br>boys<br>children<br>girls<br>man<br>monkeys<br>people<br>pupil<br>student","","The man is searching for his money and finds below the tray.","The man finds his money below the tray.","The man uses diiferent items to open the box.","The athlete start running with the runners","The man does not know which item to use to open box","Sachin counting tables and waiting for his lover.","The athlete is ready to start running with runners","","Sachin is eating Pizza.","Sachin wants to eats Pizza","on","",""
"1XGQELLLPKGUSCIIZ9PIY1TJIHSRE1","1NOCZYH76WNFVEY43IJN8DTGU1TCR7","Write Creative Sentences","We'll give you a list of actions (plus ideas for who is doing the action).  You write a sentence where the action is done in a certain way / style.  Possible bonus for creativity.","creative write sentence transitivity nouns verbs writing generation bonus reward","$0.10","Tue Mar 02 16:37:00 GMT 2010","1","","86400","604800","Tue Mar 09 16:37:00 GMT 2010","67","","1BHCGU276SIO1PL2PSDAFPMOT2X4SQ","A2I85JN62ZNGRE","Approved","Tue Mar 02 21:08:12 GMT 2010","Tue Mar 02 21:20:00 GMT 2010","Tue Mar 09 21:20:00 GMT 2010","2010/03/09 21:21:05 +0000","","","708","kinesis","<ul>

  <li> We'll show you an action (represented by a video), things that can do the
  action, and some things the action can be done to, and you'll write two
  sentences combining them together.

  <li> We're interested in how the concept of movement is expressed.  One sentence
  you write will be where the thing doing the action <b>moves while performing the 
  action</b>.  The other sentence will be where the thing doing the action
  <b>does not move while performing the action</b>.

  <li> The suggested things that can do the action or that can have the action
  done to them are ideas to get your creative juices flowing.  They came
  from other people on Mechanical Turk, so some of them might not make sense
  (nobody's perfect); if so, please ignore them.  You don't have to use the
  suggested things that can do the action or things that the action can be done
  to.  <b>The only requirement is that you use a form of the specified action
  and to have the sentence reflect that movement is (or is not) happening.</b>

  <li> There are a number of different reasons why sentences might not have
  movement.  The thing doing the action might not have a physical presence or
  the ""action"" is actually a thought or a state which doesn't require any
  movement.  Here are some sentences where movement is <b>not</b> taking place.

       <ul>
        <li> <i>push</i>: I pushed myself to finish the project.
        <li> <i>jumped</i>: The corporation <i>jumped</i> to a silly conclusion.
        <li> <i>like</i>: John <i>likes</i> beer.
       </ul>

  <li> Sentences where movement happens clearly have someone or something
  performing a physical action.  For example:

  <ul>

    <li> <i>push</i>: Ed </i>pushed</i> his poor sister into the lake.

    <li> <i>jumped</i>: Sue <i>jumped</i> out of an airplane.

    <li> <i>wash</i>: Joe <i>washed</i> my car in the driveway this morning.

  </ul>

  <li> It might not be possible to write a sentence with the action and
  properties as given.  If so, click the box that says ""it's not possible to
  write such a sentence.""

  <li> Note that we're interested in what happens with the action happens, not
  what happens before or after.  It's okay to say that it's impossible to write
  sentences; however, if you can't write a sentence with motion, you should be
  able to write one without (and the other way around).

  <li> Please make sure your sentences make sense and that you try to answer all
  of the questions.  Incomplete or incoherent responses will be rejected.

  <li> We'll pay a bonus for particularly creative sentences (something that
  makes sense and wouldn't look out of place in a book or newspaper).

</ul>","<object width=""425"" height=""344""><param name=""movie"" value=""http://www.youtube.com/v/o4VB-4RvVaI&hl=de_DE&fs=1&rel=0&color1=0x5d1719&color2=0xcd311b""></param><param name=""allowFullScreen"" value=""true""></param><param name=""allowscriptaccess"" value=""always""></param><embed src=""http://www.youtube.com/v/o4VB-4RvVaI&autoplay=1&loop=1&hl=de_DE&fs=1&rel=0&color1=0x5d1719&color2=0xcd311b"" type=""application/x-shockwave-flash"" allowscriptaccess=""always"" allowfullscreen=""true"" width=""425"" height=""344""></embed></object>","<object width=""425"" height=""344""><param name=""movie"" value=""http://www.youtube.com/v/NuGqznSZlyE&hl=de_DE&fs=1&rel=0&color1=0x5d1719&color2=0xcd311b""></param><param name=""allowFullScreen"" value=""true""></param><param name=""allowscriptaccess"" value=""always""></param><embed src=""http://www.youtube.com/v/NuGqznSZlyE&autoplay=1&loop=1&hl=de_DE&fs=1&rel=0&color1=0x5d1719&color2=0xcd311b"" type=""application/x-shockwave-flash"" allowscriptaccess=""always"" allowfullscreen=""true"" width=""425"" height=""344""></embed></object>","<object width=""425"" height=""344""><param name=""movie"" value=""http://www.youtube.com/v/yGp4FNnZLDU&hl=de_DE&fs=1&rel=0&color1=0x5d1719&color2=0xcd311b""></param><param name=""allowFullScreen"" value=""true""></param><param name=""allowscriptaccess"" value=""always""></param><embed src=""http://www.youtube.com/v/yGp4FNnZLDU&autoplay=1&loop=1&hl=de_DE&fs=1&rel=0&color1=0x5d1719&color2=0xcd311b"" type=""application/x-shockwave-flash"" allowscriptaccess=""always"" allowfullscreen=""true"" width=""425"" height=""344""></embed></object>","<object width=""425"" height=""344""><param name=""movie"" value=""http://www.youtube.com/v/qEVfI6_H5cw&hl=de_DE&fs=1&rel=0&color1=0x5d1719&color2=0xcd311b""></param><param name=""allowFullScreen"" value=""true""></param><param name=""allowscriptaccess"" value=""always""></param><embed src=""http://www.youtube.com/v/qEVfI6_H5cw&autoplay=1&loop=1&hl=de_DE&fs=1&rel=0&color1=0x5d1719&color2=0xcd311b"" type=""application/x-shockwave-flash"" allowscriptaccess=""always"" allowfullscreen=""true"" width=""425"" height=""344""></embed></object>","<object width=""425"" height=""344""><param name=""movie"" value=""http://www.youtube.com/v/rizYYWVssyo&hl=de_DE&fs=1&rel=0&color1=0x5d1719&color2=0xcd311b""></param><param name=""allowFullScreen"" value=""true""></param><param name=""allowscriptaccess"" value=""always""></param><embed src=""http://www.youtube.com/v/rizYYWVssyo&autoplay=1&loop=1&hl=de_DE&fs=1&rel=0&color1=0x5d1719&color2=0xcd311b"" type=""application/x-shockwave-flash"" allowscriptaccess=""always"" allowfullscreen=""true"" width=""425"" height=""344""></embed></object>","put","work","wonder","go","hope","Write a sentence where the thing doing the action uses movement to put.","Write a sentence where the thing doing the action uses movement to work.","Write a sentence where the thing doing the action uses movement to wonder.","Write a sentence where the thing doing the action uses movement to go.","Write a sentence where the thing doing the action uses movement to hope.","Write a sentence where the thing doing the action does not use movment to put.","Write a sentence where the thing doing the action does not use movment to work.","Write a sentence where the thing doing the action does not use movment to wonder.","Write a sentence where the thing doing the action does not use movment to go.","Write a sentence where the thing doing the action does not use movment to hope.","a man kept the fruits in the basket<br>blame<br>calls<br>clothes<br>eye<br>food<br>foot<br>fruits<br>he is keeping/placing fruits<br>mats<br>next<br>paper<br>tableware<br>tabs","a man working in the laptop<br>calculator<br>computer<br>he is working<br>keyboard<br>letter<br>letters<br>memo<br>messages<br>notes<br>orders<br>printer<br>writing and drinking","cost<br>gifts<br>presents<br>prizes","abroad<br>away<br>children<br>crazy<br>daughter<br>dogs<br>fast<br>fingers<br>pets<br>slow<br>son<br>spouse","god<br>allah<br>answer<br>buddha<br>higher power<br>hope<br>jesus<br>men<br>mercy<br>people<br>prayer<br>rain<br>reply<br>self<br>winning<br>women","dog<br>man<br>woman<br>ape<br>arm<br>baseball player<br>boy<br>girl<br>monkey<br>person<br>receiver<br>robot<br>truck<br>wind","doctor<br>man<br>worker<br>working","animals<br>director<br>dog<br>human being<br>human beings<br>humans<br>monkey<br>police mans<br>reserch persons<br>roberts<br>singer<br>student","child<br>dog<br>soldier<br>actors<br>animals<br>criminals<br>discoverer<br>dogs<br>employee<br>family<br>finger<br>friend<br>hand<br>person<br>robot<br>servant<br>someone","mother<br>priest<br>boyfriend<br>child<br>church-goer<br>desperate person<br>devout<br>father<br>fathers<br>girlfriend<br>man<br>minister<br>monkey<br>nun<br>player<br>sisters<br>students","Hard hit but challenging and interesting .Will wait to see if I am doing them correctly before doing more.Thanks for the interesting hits.","He jumped around in hope of attracting attention.","He will hope next time someone will stop and help.","He will go out the door and to the store.","He turned his head from side to side in wonder of what was in the box.","He had a dream that he wanted to go with them.","The boy is going to work the puzzle.","He could not help but wonder what was in the box.","Time permitting he will work the puzzle in this aftrenoon.","The boy moved to put his gum in the trash.","The teacher put it into his mind to throw his gum out.","","",""
