"HITId","HITTypeId","Title","Description","Keywords","Reward","CreationTime","MaxAssignments","RequesterAnnotation","AssignmentDurationInSeconds","AutoApprovalDelayInSeconds","Expiration","NumberOfSimilarHITs","LifetimeInSeconds","AssignmentId","WorkerId","AssignmentStatus","AcceptTime","SubmitTime","AutoApprovalTime","ApprovalTime","RejectionTime","RequesterFeedback","WorkTimeInSeconds","Input.feature","Input.instructions","Input.video0","Input.video1","Input.video2","Input.video3","Input.video4","Input.verb0","Input.verb1","Input.verb2","Input.verb3","Input.verb4","Input.prompt0a","Input.prompt1a","Input.prompt2a","Input.prompt3a","Input.prompt4a","Input.prompt0b","Input.prompt1b","Input.prompt2b","Input.prompt3b","Input.prompt4b","Input.objects0","Input.objects1","Input.objects2","Input.objects3","Input.objects4","Input.subjects0","Input.subjects1","Input.subjects2","Input.subjects3","Input.subjects4","Answer.comments","Answer.answer4a","Answer.answer3a","Answer.answer4b","Answer.answer2a","Answer.answer3b","Answer.answer1a","Answer.answer2b","Answer.answer0a","Answer.answer1b","Answer.answer0b","Answer.impossible1aClicked","Approve","Reject"
"1HZFV6KHGU8OL1A5IXRILFKHG5I3OD","1NOCZYH76WNFVEY43IJN8DTGU1TCR7","Write Creative Sentences","We'll give you a list of actions (plus ideas for who is doing the action).  You write a sentence where the action is done in a certain way / style.  Possible bonus for creativity.","creative write sentence transitivity nouns verbs writing generation bonus reward","$0.10","Tue Mar 02 16:36:34 GMT 2010","1","","86400","604800","Tue Mar 09 16:36:34 GMT 2010","35","","17ML1I5RQSD5Z308Q0YNB2KHG4ZU8Q","A2X2FSQ1WEYD09","Approved","Tue Mar 09 03:44:43 GMT 2010","Tue Mar 09 04:00:03 GMT 2010","Tue Mar 16 04:00:03 GMT 2010","2010/03/16 04:01:05 +0000","","","920","harm","<ul>

  <li> We'll show you an action (represented by a video), things that can do the
  action, and some things the action can be done to, and you'll write two
  sentences combining them together.

  <li> We're interested in how the concept of harm is expressed.  One
  sentence you write will be where the thing to which the action was done
  <b>was harmed</b>.  The other sentence will be where the thing doing the action
  <b>was not affected</b>.

  <li> The suggested things that can do the action or that can have the action
  done to them are ideas to get your creative juices flowing.  They came
  from other people on Mechanical Turk, so some of them might not make sense
  (nobody's perfect); if so, please ignore them.  You don't have to use the
  suggested things that can do the action or things that the action can be done
  to.  <b>The only requirement is that you use a form of the specified action
  and to have the sentence reflect that the action harmed something (or not).</b>

  <li> There are a number of different reasons why sentences might have
  been harmed.  The action changes the the object, or the action has some innate
  negative connotation, or the sentence makes it clear.  Here are some sentences
  where the thing to which the action is done <b>is harmed</b>:

       <ul>
        <li> <i>kill</i>: The wolf <i>killed</i> the little bunny.
        <li> <i>bomb</i>: The bus was <i>bombed</i> by terrorists.
        <li> <i>gave</i>: Mary <i>gave</i> Bob a bad performance review.
       </ul>

  <li> Sentences where the object is unaffected are ones in which the object
  might not even know the action happened or where the thing to which action is
  being done is not present.

  <ul>

    <li> <i>thought</i>: Ed </i>thought</i> about Jill.

    <li> <i>wave</i>: Melanie <i>waved</i> at a cop in Toledo.

    <li> <i>shine</i>: The stars <i>shined</i> in the sky.

  </ul>

  <li> It might not be possible to write a sentence with the action and
  properties as given.  If so, click the box that says ""it's not possible to
  write such a sentence.""

  <li> Don't try too hard to force sentences where the thing to which the action
  was done benefits (or not).  It might be impossible to write such a sentence;
  however, in such cases you should be able to write a sentence of the other
  type.

  <li> Please make sure your sentences make sense and that you try to answer all
  of the questions.  Incomplete or incoherent responses will be rejected.

  <li> We'll pay a bonus for particularly creative sentences (something that
  makes sense and wouldn't look out of place in a book or newspaper).

</ul>","<object width=""425"" height=""344""><param name=""movie"" value=""http://www.youtube.com/v/WDKvvls5D3Y&hl=de_DE&fs=1&rel=0&color1=0x5d1719&color2=0xcd311b""></param><param name=""allowFullScreen"" value=""true""></param><param name=""allowscriptaccess"" value=""always""></param><embed src=""http://www.youtube.com/v/WDKvvls5D3Y&autoplay=1&loop=1&hl=de_DE&fs=1&rel=0&color1=0x5d1719&color2=0xcd311b"" type=""application/x-shockwave-flash"" allowscriptaccess=""always"" allowfullscreen=""true"" width=""425"" height=""344""></embed></object>","<object width=""425"" height=""344""><param name=""movie"" value=""http://www.youtube.com/v/rizYYWVssyo&hl=de_DE&fs=1&rel=0&color1=0x5d1719&color2=0xcd311b""></param><param name=""allowFullScreen"" value=""true""></param><param name=""allowscriptaccess"" value=""always""></param><embed src=""http://www.youtube.com/v/rizYYWVssyo&autoplay=1&loop=1&hl=de_DE&fs=1&rel=0&color1=0x5d1719&color2=0xcd311b"" type=""application/x-shockwave-flash"" allowscriptaccess=""always"" allowfullscreen=""true"" width=""425"" height=""344""></embed></object>","<object width=""425"" height=""344""><param name=""movie"" value=""http://www.youtube.com/v/yGp4FNnZLDU&hl=de_DE&fs=1&rel=0&color1=0x5d1719&color2=0xcd311b""></param><param name=""allowFullScreen"" value=""true""></param><param name=""allowscriptaccess"" value=""always""></param><embed src=""http://www.youtube.com/v/yGp4FNnZLDU&autoplay=1&loop=1&hl=de_DE&fs=1&rel=0&color1=0x5d1719&color2=0xcd311b"" type=""application/x-shockwave-flash"" allowscriptaccess=""always"" allowfullscreen=""true"" width=""425"" height=""344""></embed></object>","<object width=""425"" height=""344""><param name=""movie"" value=""http://www.youtube.com/v/ZWiZiUsba2E&hl=de_DE&fs=1&rel=0&color1=0x5d1719&color2=0xcd311b""></param><param name=""allowFullScreen"" value=""true""></param><param name=""allowscriptaccess"" value=""always""></param><embed src=""http://www.youtube.com/v/ZWiZiUsba2E&autoplay=1&loop=1&hl=de_DE&fs=1&rel=0&color1=0x5d1719&color2=0xcd311b"" type=""application/x-shockwave-flash"" allowscriptaccess=""always"" allowfullscreen=""true"" width=""425"" height=""344""></embed></object>","<object width=""425"" height=""344""><param name=""movie"" value=""http://www.youtube.com/v/JlFDwgk3X1g&hl=de_DE&fs=1&rel=0&color1=0x5d1719&color2=0xcd311b""></param><param name=""allowFullScreen"" value=""true""></param><param name=""allowscriptaccess"" value=""always""></param><embed src=""http://www.youtube.com/v/JlFDwgk3X1g&autoplay=1&loop=1&hl=de_DE&fs=1&rel=0&color1=0x5d1719&color2=0xcd311b"" type=""application/x-shockwave-flash"" allowscriptaccess=""always"" allowfullscreen=""true"" width=""425"" height=""344""></embed></object>","like","hope","wonder","hear","use","Write a sentence where the thing to which the action was done was harmed by the action (to like).","Write a sentence where the thing to which the action was done was harmed by the action (to hope).","Write a sentence where the thing to which the action was done was harmed by the action (to wonder).","Write a sentence where the thing to which the action was done was harmed by the action (to hear).","Write a sentence where the thing to which the action was done was harmed by the action (to use).","Write a sentence where the thing to which the action was done was not affected at all by the action (to like).","Write a sentence where the thing to which the action was done was not affected at all by the action (to hope).","Write a sentence where the thing to which the action was done was not affected at all by the action (to wonder).","Write a sentence where the thing to which the action was done was not affected at all by the action (to hear).","Write a sentence where the thing to which the action was done was not affected at all by the action (to use).","children<br>babies<br>friend<br>friends<br>grandparents<br>husband<br>lover<br>parents<br>relative<br>siblings<br>spouse<br>toy<br>toys<br>tree<br>wife","god<br>allah<br>answer<br>buddha<br>higher power<br>hope<br>jesus<br>men<br>mercy<br>people<br>prayer<br>rain<br>reply<br>self<br>winning<br>women","cost<br>gifts<br>presents<br>prizes","footsteps<br>noises<br>sounds<br>suggestions<br>voices<br>whispers","bones<br>dishes<br>door<br>glasses<br>remote<br>tv","mother<br>girl<br>woman<br>animal<br>animals<br>baby<br>boyfriend<br>child<br>children<br>father<br>friends<br>girlfriend<br>lovers<br>nurse<br>old peoples<br>parent","mother<br>priest<br>boyfriend<br>child<br>church-goer<br>desperate person<br>devout<br>father<br>fathers<br>girlfriend<br>man<br>minister<br>monkey<br>nun<br>player<br>sisters<br>students","animals<br>director<br>dog<br>human being<br>human beings<br>humans<br>monkey<br>police mans<br>reserch persons<br>roberts<br>singer<br>student","audience<br>church-goers<br>customer<br>judge<br>student<br>students","man<br>woman<br>boy<br>child<br>dont understand<br>girl<br>human<br>person<br>primate<br>robot","I wasn't sure if I could use my own words, or if I had to use the ones suggested for each picture.  I did a combination of both.  You might put that in the directions if it is required.","Frustrated because the lock was broken, the young man used a saw to open the briefcase.","The church-goer, surrounded by noisy parishoners, strained to hear the choir from the back of the room.","The businessman was able to get his briefcase open at last with the use of a screwdriver and saw.","When the student, wondering what was in the mysterious green box shook it, the small animal inside of it was injured.","The whispers of the students reached the ears of their friend who was listening intently for their footsteps.","","The student, wondering what was in the elegant green box,shook it carefully.","The father squeezed the cuddly toy so hard it was crushed.","The desparate man prayed to the Jesus for help and then crossed his fingers for good luck.","The father grabbed the cuddly toy and hugged it close to his chest.","on"
"1F8SBEAR1XPG43V7TNSE3DNXMJYOR2","1NOCZYH76WNFVEY43IJN8DTGU1TCR7","Write Creative Sentences","We'll give you a list of actions (plus ideas for who is doing the action).  You write a sentence where the action is done in a certain way / style.  Possible bonus for creativity.","creative write sentence transitivity nouns verbs writing generation bonus reward","$0.10","Tue Mar 02 16:36:35 GMT 2010","1","","86400","604800","Tue Mar 09 16:36:35 GMT 2010","52","","1AGHYX9ZJR731SOCDS5C1A6X8EP87V","AEGUWJ3YI7YML","Approved","Thu Mar 04 05:13:05 GMT 2010","Thu Mar 04 05:30:30 GMT 2010","Thu Mar 11 05:30:30 GMT 2010","2010/03/11 05:31:06 +0000","","","1045","harm","<ul>

  <li> We'll show you an action (represented by a video), things that can do the
  action, and some things the action can be done to, and you'll write two
  sentences combining them together.

  <li> We're interested in how the concept of harm is expressed.  One
  sentence you write will be where the thing to which the action was done
  <b>was harmed</b>.  The other sentence will be where the thing doing the action
  <b>was not affected</b>.

  <li> The suggested things that can do the action or that can have the action
  done to them are ideas to get your creative juices flowing.  They came
  from other people on Mechanical Turk, so some of them might not make sense
  (nobody's perfect); if so, please ignore them.  You don't have to use the
  suggested things that can do the action or things that the action can be done
  to.  <b>The only requirement is that you use a form of the specified action
  and to have the sentence reflect that the action harmed something (or not).</b>

  <li> There are a number of different reasons why sentences might have
  been harmed.  The action changes the the object, or the action has some innate
  negative connotation, or the sentence makes it clear.  Here are some sentences
  where the thing to which the action is done <b>is harmed</b>:

       <ul>
        <li> <i>kill</i>: The wolf <i>killed</i> the little bunny.
        <li> <i>bomb</i>: The bus was <i>bombed</i> by terrorists.
        <li> <i>gave</i>: Mary <i>gave</i> Bob a bad performance review.
       </ul>

  <li> Sentences where the object is unaffected are ones in which the object
  might not even know the action happened or where the thing to which action is
  being done is not present.

  <ul>

    <li> <i>thought</i>: Ed </i>thought</i> about Jill.

    <li> <i>wave</i>: Melanie <i>waved</i> at a cop in Toledo.

    <li> <i>shine</i>: The stars <i>shined</i> in the sky.

  </ul>

  <li> It might not be possible to write a sentence with the action and
  properties as given.  If so, click the box that says ""it's not possible to
  write such a sentence.""

  <li> Don't try too hard to force sentences where the thing to which the action
  was done benefits (or not).  It might be impossible to write such a sentence;
  however, in such cases you should be able to write a sentence of the other
  type.

  <li> Please make sure your sentences make sense and that you try to answer all
  of the questions.  Incomplete or incoherent responses will be rejected.

  <li> We'll pay a bonus for particularly creative sentences (something that
  makes sense and wouldn't look out of place in a book or newspaper).

</ul>","<object width=""425"" height=""344""><param name=""movie"" value=""http://www.youtube.com/v/_OCUHLuoa9g&hl=de_DE&fs=1&rel=0&color1=0x5d1719&color2=0xcd311b""></param><param name=""allowFullScreen"" value=""true""></param><param name=""allowscriptaccess"" value=""always""></param><embed src=""http://www.youtube.com/v/_OCUHLuoa9g&autoplay=1&loop=1&hl=de_DE&fs=1&rel=0&color1=0x5d1719&color2=0xcd311b"" type=""application/x-shockwave-flash"" allowscriptaccess=""always"" allowfullscreen=""true"" width=""425"" height=""344""></embed></object>","<object width=""425"" height=""344""><param name=""movie"" value=""http://www.youtube.com/v/kztPk06Eg7M&hl=de_DE&fs=1&rel=0&color1=0x5d1719&color2=0xcd311b""></param><param name=""allowFullScreen"" value=""true""></param><param name=""allowscriptaccess"" value=""always""></param><embed src=""http://www.youtube.com/v/kztPk06Eg7M&autoplay=1&loop=1&hl=de_DE&fs=1&rel=0&color1=0x5d1719&color2=0xcd311b"" type=""application/x-shockwave-flash"" allowscriptaccess=""always"" allowfullscreen=""true"" width=""425"" height=""344""></embed></object>","<object width=""425"" height=""344""><param name=""movie"" value=""http://www.youtube.com/v/YTrlAJiJMR4&hl=de_DE&fs=1&rel=0&color1=0x5d1719&color2=0xcd311b""></param><param name=""allowFullScreen"" value=""true""></param><param name=""allowscriptaccess"" value=""always""></param><embed src=""http://www.youtube.com/v/YTrlAJiJMR4&autoplay=1&loop=1&hl=de_DE&fs=1&rel=0&color1=0x5d1719&color2=0xcd311b"" type=""application/x-shockwave-flash"" allowscriptaccess=""always"" allowfullscreen=""true"" width=""425"" height=""344""></embed></object>","<object width=""425"" height=""344""><param name=""movie"" value=""http://www.youtube.com/v/IU47l2qeVfE&hl=de_DE&fs=1&rel=0&color1=0x5d1719&color2=0xcd311b""></param><param name=""allowFullScreen"" value=""true""></param><param name=""allowscriptaccess"" value=""always""></param><embed src=""http://www.youtube.com/v/IU47l2qeVfE&autoplay=1&loop=1&hl=de_DE&fs=1&rel=0&color1=0x5d1719&color2=0xcd311b"" type=""application/x-shockwave-flash"" allowscriptaccess=""always"" allowfullscreen=""true"" width=""425"" height=""344""></embed></object>","<object width=""425"" height=""344""><param name=""movie"" value=""http://www.youtube.com/v/5jwjqt_S0aE&hl=de_DE&fs=1&rel=0&color1=0x5d1719&color2=0xcd311b""></param><param name=""allowFullScreen"" value=""true""></param><param name=""allowscriptaccess"" value=""always""></param><embed src=""http://www.youtube.com/v/5jwjqt_S0aE&autoplay=1&loop=1&hl=de_DE&fs=1&rel=0&color1=0x5d1719&color2=0xcd311b"" type=""application/x-shockwave-flash"" allowscriptaccess=""always"" allowfullscreen=""true"" width=""425"" height=""344""></embed></object>","try","know","say","read","make","Write a sentence where the thing to which the action was done was harmed by the action (to try).","Write a sentence where the thing to which the action was done was harmed by the action (to know).","Write a sentence where the thing to which the action was done was harmed by the action (to say).","Write a sentence where the thing to which the action was done was harmed by the action (to read).","Write a sentence where the thing to which the action was done was harmed by the action (to make).","Write a sentence where the thing to which the action was done was not affected at all by the action (to try).","Write a sentence where the thing to which the action was done was not affected at all by the action (to know).","Write a sentence where the thing to which the action was done was not affected at all by the action (to say).","Write a sentence where the thing to which the action was done was not affected at all by the action (to read).","Write a sentence where the thing to which the action was done was not affected at all by the action (to make).","attempt<br>back<br>basket<br>box<br>boxees<br>car<br>carrots<br>child<br>corn<br>fridge<br>furniture<br>groceries<br>hamstring<br>mission<br>patience<br>peas<br>quest<br>speakers<br>suitcase<br>task<br>tools<br>vegetables<br>weights","animals<br>children<br>ideas<br>men<br>people<br>plan<br>plots<br>thoughts<br>women","friends<br>a man talking<br>children<br>down<br>he is telling some thing<br>lies<br>people<br>pets<br>story<br>tales<br>telephone","articles<br>blog<br>book<br>books<br>cars<br>colors<br>dramas<br>essays<br>instructions<br>leaves<br>letters<br>magazine<br>newspaper<br>novels<br>pages<br>stories<br>traffic lights","blanket<br>clothes<br>paper","boy<br>crane<br>dog<br>elephant<br>father<br>girl<br>horse<br>jack<br>machine<br>man<br>monkey<br>mother<br>person<br>pulley<br>robot<br>woman<br>wrestler","student<br>lady<br>lawyer<br>president<br>pupil","lecturer<br>master<br>sir<br>teacher","student<br>teacher<br>adult<br>businessman<br>child<br>instructor<br>ladies<br>man<br>oldman<br>people<br>professor<br>secretary<br>writer","boy<br>craftsmen<br>girl<br>hammer<br>machine<br>man<br>paper artist<br>people<br>person<br>woman","","He made the car crash.","She read about her parents divorce in the newspaper.","I made a goal in during the soccer game.","That boy said that she was fat.","She read the book.","The psychic knew all their secrets.","I say the Pledge of Allegiance everyday at school.","Bob's mother would not even try the dinner his wife made.","I know the answer.","The man tried the chicken.",""
"1C2CT2JZZBHNWXCN17X1DN46X1RCAL","1NOCZYH76WNFVEY43IJN8DTGU1TCR7","Write Creative Sentences","We'll give you a list of actions (plus ideas for who is doing the action).  You write a sentence where the action is done in a certain way / style.  Possible bonus for creativity.","creative write sentence transitivity nouns verbs writing generation bonus reward","$0.10","Tue Mar 02 16:36:35 GMT 2010","1","","86400","604800","Tue Mar 09 16:36:35 GMT 2010","61","","17MY35VFYQZNO3GNRFP8WSX92IF1U3","A2QEHWKP7GSFYQ","Approved","Thu Mar 04 04:13:43 GMT 2010","Thu Mar 04 04:21:26 GMT 2010","Thu Mar 11 04:21:26 GMT 2010","2010/03/11 04:26:06 +0000","","","463","harm","<ul>

  <li> We'll show you an action (represented by a video), things that can do the
  action, and some things the action can be done to, and you'll write two
  sentences combining them together.

  <li> We're interested in how the concept of harm is expressed.  One
  sentence you write will be where the thing to which the action was done
  <b>was harmed</b>.  The other sentence will be where the thing doing the action
  <b>was not affected</b>.

  <li> The suggested things that can do the action or that can have the action
  done to them are ideas to get your creative juices flowing.  They came
  from other people on Mechanical Turk, so some of them might not make sense
  (nobody's perfect); if so, please ignore them.  You don't have to use the
  suggested things that can do the action or things that the action can be done
  to.  <b>The only requirement is that you use a form of the specified action
  and to have the sentence reflect that the action harmed something (or not).</b>

  <li> There are a number of different reasons why sentences might have
  been harmed.  The action changes the the object, or the action has some innate
  negative connotation, or the sentence makes it clear.  Here are some sentences
  where the thing to which the action is done <b>is harmed</b>:

       <ul>
        <li> <i>kill</i>: The wolf <i>killed</i> the little bunny.
        <li> <i>bomb</i>: The bus was <i>bombed</i> by terrorists.
        <li> <i>gave</i>: Mary <i>gave</i> Bob a bad performance review.
       </ul>

  <li> Sentences where the object is unaffected are ones in which the object
  might not even know the action happened or where the thing to which action is
  being done is not present.

  <ul>

    <li> <i>thought</i>: Ed </i>thought</i> about Jill.

    <li> <i>wave</i>: Melanie <i>waved</i> at a cop in Toledo.

    <li> <i>shine</i>: The stars <i>shined</i> in the sky.

  </ul>

  <li> It might not be possible to write a sentence with the action and
  properties as given.  If so, click the box that says ""it's not possible to
  write such a sentence.""

  <li> Don't try too hard to force sentences where the thing to which the action
  was done benefits (or not).  It might be impossible to write such a sentence;
  however, in such cases you should be able to write a sentence of the other
  type.

  <li> Please make sure your sentences make sense and that you try to answer all
  of the questions.  Incomplete or incoherent responses will be rejected.

  <li> We'll pay a bonus for particularly creative sentences (something that
  makes sense and wouldn't look out of place in a book or newspaper).

</ul>","<object width=""425"" height=""344""><param name=""movie"" value=""http://www.youtube.com/v/uKkFLRKhbSU&hl=de_DE&fs=1&rel=0&color1=0x5d1719&color2=0xcd311b""></param><param name=""allowFullScreen"" value=""true""></param><param name=""allowscriptaccess"" value=""always""></param><embed src=""http://www.youtube.com/v/uKkFLRKhbSU&autoplay=1&loop=1&hl=de_DE&fs=1&rel=0&color1=0x5d1719&color2=0xcd311b"" type=""application/x-shockwave-flash"" allowscriptaccess=""always"" allowfullscreen=""true"" width=""425"" height=""344""></embed></object>","<object width=""425"" height=""344""><param name=""movie"" value=""http://www.youtube.com/v/cP0aYgjt7_g&hl=de_DE&fs=1&rel=0&color1=0x5d1719&color2=0xcd311b""></param><param name=""allowFullScreen"" value=""true""></param><param name=""allowscriptaccess"" value=""always""></param><embed src=""http://www.youtube.com/v/cP0aYgjt7_g&autoplay=1&loop=1&hl=de_DE&fs=1&rel=0&color1=0x5d1719&color2=0xcd311b"" type=""application/x-shockwave-flash"" allowscriptaccess=""always"" allowfullscreen=""true"" width=""425"" height=""344""></embed></object>","<object width=""425"" height=""344""><param name=""movie"" value=""http://www.youtube.com/v/FG5y-0rEjog&hl=de_DE&fs=1&rel=0&color1=0x5d1719&color2=0xcd311b""></param><param name=""allowFullScreen"" value=""true""></param><param name=""allowscriptaccess"" value=""always""></param><embed src=""http://www.youtube.com/v/FG5y-0rEjog&autoplay=1&loop=1&hl=de_DE&fs=1&rel=0&color1=0x5d1719&color2=0xcd311b"" type=""application/x-shockwave-flash"" allowscriptaccess=""always"" allowfullscreen=""true"" width=""425"" height=""344""></embed></object>","<object width=""425"" height=""344""><param name=""movie"" value=""http://www.youtube.com/v/neQit2EIE2A&hl=de_DE&fs=1&rel=0&color1=0x5d1719&color2=0xcd311b""></param><param name=""allowFullScreen"" value=""true""></param><param name=""allowscriptaccess"" value=""always""></param><embed src=""http://www.youtube.com/v/neQit2EIE2A&autoplay=1&loop=1&hl=de_DE&fs=1&rel=0&color1=0x5d1719&color2=0xcd311b"" type=""application/x-shockwave-flash"" allowscriptaccess=""always"" allowfullscreen=""true"" width=""425"" height=""344""></embed></object>","<object width=""425"" height=""344""><param name=""movie"" value=""http://www.youtube.com/v/FH9ThvS4Wlw&hl=de_DE&fs=1&rel=0&color1=0x5d1719&color2=0xcd311b""></param><param name=""allowFullScreen"" value=""true""></param><param name=""allowscriptaccess"" value=""always""></param><embed src=""http://www.youtube.com/v/FH9ThvS4Wlw&autoplay=1&loop=1&hl=de_DE&fs=1&rel=0&color1=0x5d1719&color2=0xcd311b"" type=""application/x-shockwave-flash"" allowscriptaccess=""always"" allowfullscreen=""true"" width=""425"" height=""344""></embed></object>","love","play","bring","ask","pick","Write a sentence where the thing to which the action was done was harmed by the action (to love).","Write a sentence where the thing to which the action was done was harmed by the action (to play).","Write a sentence where the thing to which the action was done was harmed by the action (to bring).","Write a sentence where the thing to which the action was done was harmed by the action (to ask).","Write a sentence where the thing to which the action was done was harmed by the action (to pick).","Write a sentence where the thing to which the action was done was not affected at all by the action (to love).","Write a sentence where the thing to which the action was done was not affected at all by the action (to play).","Write a sentence where the thing to which the action was done was not affected at all by the action (to bring).","Write a sentence where the thing to which the action was done was not affected at all by the action (to ask).","Write a sentence where the thing to which the action was done was not affected at all by the action (to pick).","chocholate<br>doors<br>hands<br>mother<br>on<br>wife","cards<br>ball<br>baseball<br>basketball<br>chips<br>dolls<br>euchre<br>farm<br>fish<br>football<br>games<br>gelt<br>hopscotch<br>jump rope<br>life<br>make believe<br>money<br>people<br>sports<br>stakes","birthday<br>box<br>car<br>children<br>dessert<br>dinner<br>door<br>flowers<br>gift<br>gifts<br>men<br>people<br>seniors<br>smile<br>speech<br>window<br>wine<br>women","address<br>ideas<br>names<br>story","actions<br>dinner<br>gift<br>outfit<br>price<br>priority","boy<br>lover<br>man<br>mother","human beings<br>anilmals<br>casino player<br>cat<br>child<br>recreational player","friend<br>husband<br>aeroplane<br>brother<br>cats<br>delivery boy<br>dogs<br>family member<br>guest<br>kids<br>mentally disabed adults<br>moms<br>neighbor<br>steward/waiter<br>toddlers<br>truck<br>wife","student<br>writer<br>animals<br>artist<br>boy<br>directer<br>employee<br>girl<br>man<br>monkey<br>orator<br>philosopher<br>professor<br>teacher","animals<br>human beings<br>college<br>customer<br>institute<br>judge<br>man","","Animals pick their dinner from the weakest of the other animals.","The boy asked for the address of one of his colleagues, so he could pull of a prank.","Human beings pick gifts for other people.","The guest brought poisoned wine to the men.","The teacher asked the students for ideas on the project.","The cat played with the fish, not knowing that it couldn't be out of water for very long.","The waiter brought dessert to the women.","The man loved a woman that was not his wife.","Human beings play cards for entertainment purposes and to pass the time.","The mother opened the doors to her son's room.",""
