"HITId","HITTypeId","Title","Description","Keywords","Reward","CreationTime","MaxAssignments","RequesterAnnotation","AssignmentDurationInSeconds","AutoApprovalDelayInSeconds","Expiration","NumberOfSimilarHITs","LifetimeInSeconds","AssignmentId","WorkerId","AssignmentStatus","AcceptTime","SubmitTime","AutoApprovalTime","ApprovalTime","RejectionTime","RequesterFeedback","WorkTimeInSeconds","Input.feature","Input.instructions","Input.video0","Input.video1","Input.video2","Input.video3","Input.video4","Input.verb0","Input.verb1","Input.verb2","Input.verb3","Input.verb4","Input.prompt0a","Input.prompt1a","Input.prompt2a","Input.prompt3a","Input.prompt4a","Input.prompt0b","Input.prompt1b","Input.prompt2b","Input.prompt3b","Input.prompt4b","Input.objects0","Input.objects1","Input.objects2","Input.objects3","Input.objects4","Input.subjects0","Input.subjects1","Input.subjects2","Input.subjects3","Input.subjects4","Answer.comments","Answer.answer4a","Answer.answer3a","Answer.answer4b","Answer.answer2a","Answer.answer3b","Answer.answer1a","Answer.answer2b","Answer.answer0a","Answer.answer1b","Answer.answer0b","Answer.impossible1bClicked","Answer.impossible1aClicked","Answer.impossible4aClicked","Answer.impossible4bClicked","Approve","Reject"
"1J39CJWABJGGGORFNQRCU5KXSXUJKL","1NOCZYH76WNFVEY43IJN8DTGU1TCR7","Write Creative Sentences","We'll give you a list of actions (plus ideas for who is doing the action).  You write a sentence where the action is done in a certain way / style.  Possible bonus for creativity.","creative write sentence transitivity nouns verbs writing generation bonus reward","$0.10","Tue Mar 02 16:32:07 GMT 2010","1","","86400","604800","Tue Mar 09 16:32:07 GMT 2010","30","","1N9DW4NJNRJ6CM9KPAXOJ4QWCN4RHF","A38794A868FM9D","Approved","Tue Mar 09 00:28:09 GMT 2010","Tue Mar 09 00:43:46 GMT 2010","Tue Mar 16 00:43:46 GMT 2010","2010/03/16 00:46:07 +0000","","","937","punctuality","<ul>

  <li> We'll show you an action (represented by a video), things that can do the
  action, and some things the action can be done to.  You'll write two sentences
  combining them together.

  <li> We're interested in how the concept of time is expressed.  One sentence
  you write will be where the action <b>took a short period of time</b>.  The
  other sentence will be where the the action <b>took a long period of time</b>.

  <li> The suggested things that can do the action or that can have the action
  done to them are ideas to get your creative juices flowing.  They came from
  other people on Mechanical Turk, so some of them might not make sense
  (nobody's perfect); if so, please ignore them.  You don't have to use the
  suggested things that can do the action or things that the action can be done
  to.  <b>The only requirement is that you use a form of the specified action
  and to have the sentence <b>reflect the appropriate amount of time needed to
  complete the action</b>.

  <li> There are many different reasons why the actions expressed in sentences
  don't take a short period of time.  For example, the action might be about
  what something ""is"" rather than what it does, or the action itself might take
  a long time or be ongoing.  Here are some examples of sentences
  where actions do <b>not</b> happen in a short period of time.

       <ul>
        <li> <i>kick</i>: Pele <i>kicked</i> the ball at Manfred.
        <li> <i>touch</i>: Caroline <i>touched</i> her ID card against the scanner to get through the locked door.
        <li> <i>thank</i>: Charlie <i>thanked</i> the candyman with a nod as he ran out of the store.
       </ul>

  <li> Sentences where actions take a long time (or an indeterminate amount of
  time) could never be entirely captured in a short YouTube video.  Here are
  some examples:

  <ul>

    <li> <i>find</i>: Brightly colored feathers are <i>found</i> in the plumage of Amazonian birds.

    <li> <i>touch</i>: I was <i>touched</i> by how much Irene helped me when I broke my leg.

    <li> <i>thank</i>: We <i>thank</i> the Gods for their protection by praying in the temple and offering sacrifices every morning.

  </ul>

  <li> For a particular action, its quite likely that <b>you might not be
  possible to write a sentence with the action and properties as given</b>.  If
  so, click the box that says ""it's not possible to write such a sentence.""
  However, for each action, you should be able to supply a sentence with one of
  the two properties.


  <li> Please make sure your sentences make sense and that you try to answer all
  of the questions.  Incomplete or incoherent responses will be rejected.

  <li> We'll pay a bonus for particularly creative sentences (something that
  makes sense and wouldn't look out of place in a book or newspaper).

</ul>","<object width=""425"" height=""344""><param name=""movie"" value=""http://www.youtube.com/v/WIbHmbAzgK8&hl=de_DE&fs=1&rel=0&color1=0x5d1719&color2=0xcd311b""></param><param name=""allowFullScreen"" value=""true""></param><param name=""allowscriptaccess"" value=""always""></param><embed src=""http://www.youtube.com/v/WIbHmbAzgK8&autoplay=1&loop=1&hl=de_DE&fs=1&rel=0&color1=0x5d1719&color2=0xcd311b"" type=""application/x-shockwave-flash"" allowscriptaccess=""always"" allowfullscreen=""true"" width=""425"" height=""344""></embed></object>","<object width=""425"" height=""344""><param name=""movie"" value=""http://www.youtube.com/v/cP0aYgjt7_g&hl=de_DE&fs=1&rel=0&color1=0x5d1719&color2=0xcd311b""></param><param name=""allowFullScreen"" value=""true""></param><param name=""allowscriptaccess"" value=""always""></param><embed src=""http://www.youtube.com/v/cP0aYgjt7_g&autoplay=1&loop=1&hl=de_DE&fs=1&rel=0&color1=0x5d1719&color2=0xcd311b"" type=""application/x-shockwave-flash"" allowscriptaccess=""always"" allowfullscreen=""true"" width=""425"" height=""344""></embed></object>","<object width=""425"" height=""344""><param name=""movie"" value=""http://www.youtube.com/v/BtpghexY4fo&hl=de_DE&fs=1&rel=0&color1=0x5d1719&color2=0xcd311b""></param><param name=""allowFullScreen"" value=""true""></param><param name=""allowscriptaccess"" value=""always""></param><embed src=""http://www.youtube.com/v/BtpghexY4fo&autoplay=1&loop=1&hl=de_DE&fs=1&rel=0&color1=0x5d1719&color2=0xcd311b"" type=""application/x-shockwave-flash"" allowscriptaccess=""always"" allowfullscreen=""true"" width=""425"" height=""344""></embed></object>","<object width=""425"" height=""344""><param name=""movie"" value=""http://www.youtube.com/v/IU47l2qeVfE&hl=de_DE&fs=1&rel=0&color1=0x5d1719&color2=0xcd311b""></param><param name=""allowFullScreen"" value=""true""></param><param name=""allowscriptaccess"" value=""always""></param><embed src=""http://www.youtube.com/v/IU47l2qeVfE&autoplay=1&loop=1&hl=de_DE&fs=1&rel=0&color1=0x5d1719&color2=0xcd311b"" type=""application/x-shockwave-flash"" allowscriptaccess=""always"" allowfullscreen=""true"" width=""425"" height=""344""></embed></object>","<object width=""425"" height=""344""><param name=""movie"" value=""http://www.youtube.com/v/FG5y-0rEjog&hl=de_DE&fs=1&rel=0&color1=0x5d1719&color2=0xcd311b""></param><param name=""allowFullScreen"" value=""true""></param><param name=""allowscriptaccess"" value=""always""></param><embed src=""http://www.youtube.com/v/FG5y-0rEjog&autoplay=1&loop=1&hl=de_DE&fs=1&rel=0&color1=0x5d1719&color2=0xcd311b"" type=""application/x-shockwave-flash"" allowscriptaccess=""always"" allowfullscreen=""true"" width=""425"" height=""344""></embed></object>","leave","play","stop","read","bring","Write a sentence where the time taken to leave is very short.","Write a sentence where the time taken to play is very short.","Write a sentence where the time taken to stop is very short.","Write a sentence where the time taken to read is very short.","Write a sentence where the time taken to bring is very short.","Write a sentence where the time taken to leave is very long or of indeterminate length.","Write a sentence where the time taken to play is very long or of indeterminate length.","Write a sentence where the time taken to stop is very long or of indeterminate length.","Write a sentence where the time taken to read is very long or of indeterminate length.","Write a sentence where the time taken to bring is very long or of indeterminate length.","children<br>flag<br>friends<br>goodbye<br>here<br>home<br>husband<br>las vegas<br>people<br>pets<br>room<br>store<br>wife<br>work","cards<br>ball<br>baseball<br>basketball<br>chips<br>dolls<br>euchre<br>farm<br>fish<br>football<br>games<br>gelt<br>hopscotch<br>jump rope<br>life<br>make believe<br>money<br>people<br>sports<br>stakes","car<br>time<br>train<br>animal<br>bus<br>children<br>clock<br>cycle<br>dinner<br>movement<br>people<br>person<br>truck","articles<br>blog<br>book<br>books<br>cars<br>colors<br>dramas<br>essays<br>instructions<br>leaves<br>letters<br>magazine<br>newspaper<br>novels<br>pages<br>stories<br>traffic lights","birthday<br>box<br>car<br>children<br>dessert<br>dinner<br>door<br>flowers<br>gift<br>gifts<br>men<br>people<br>seniors<br>smile<br>speech<br>window<br>wine<br>women","friend<br>aeroplane<br>animal<br>brother<br>guest<br>it guys<br>journalists<br>mailmen<br>office workers<br>salesman<br>school kids<br>ship<br>son<br>student<br>teachers<br>train<br>visitor<br>workmate","human beings<br>anilmals<br>casino player<br>cat<br>child<br>recreational player","children<br>men<br>actor<br>adults<br>boy<br>boys<br>dogs<br>girls<br>man<br>monkeys<br>people<br>son<br>student<br>women","student<br>teacher<br>adult<br>businessman<br>child<br>instructor<br>ladies<br>man<br>oldman<br>people<br>professor<br>secretary<br>writer","friend<br>husband<br>aeroplane<br>brother<br>cats<br>delivery boy<br>dogs<br>family member<br>guest<br>kids<br>mentally disabed adults<br>moms<br>neighbor<br>steward/waiter<br>toddlers<br>truck<br>wife","","Neighbor bring her gift.","Ladies give him book to read.","His twisted smile make her wonder, make her disturbed.....","Girl stopped him.","Wasn't easy to read like some magazine.","He look like a casino player.","She stopped his movement,but not mind.","Guest is leaving.","Theirs whole life is passing by.","It is so hard to say goodbye,causing too much pain in heart.","","","",""
"197WBK5KWP89H96QLMXBKMFFR2A6J3","1NOCZYH76WNFVEY43IJN8DTGU1TCR7","Write Creative Sentences","We'll give you a list of actions (plus ideas for who is doing the action).  You write a sentence where the action is done in a certain way / style.  Possible bonus for creativity.","creative write sentence transitivity nouns verbs writing generation bonus reward","$0.10","Tue Mar 02 16:32:07 GMT 2010","1","","86400","604800","Tue Mar 09 16:32:07 GMT 2010","49","","1F3MTVCFD5CZ6FCULIJ51M16EEIJO5","A3LU4PIR7J5PUW","Approved","Thu Mar 04 15:28:50 GMT 2010","Thu Mar 04 15:38:42 GMT 2010","Thu Mar 11 15:38:42 GMT 2010","2010/03/11 15:41:06 +0000","","","592","punctuality","<ul>

  <li> We'll show you an action (represented by a video), things that can do the
  action, and some things the action can be done to.  You'll write two sentences
  combining them together.

  <li> We're interested in how the concept of time is expressed.  One sentence
  you write will be where the action <b>took a short period of time</b>.  The
  other sentence will be where the the action <b>took a long period of time</b>.

  <li> The suggested things that can do the action or that can have the action
  done to them are ideas to get your creative juices flowing.  They came from
  other people on Mechanical Turk, so some of them might not make sense
  (nobody's perfect); if so, please ignore them.  You don't have to use the
  suggested things that can do the action or things that the action can be done
  to.  <b>The only requirement is that you use a form of the specified action
  and to have the sentence <b>reflect the appropriate amount of time needed to
  complete the action</b>.

  <li> There are many different reasons why the actions expressed in sentences
  don't take a short period of time.  For example, the action might be about
  what something ""is"" rather than what it does, or the action itself might take
  a long time or be ongoing.  Here are some examples of sentences
  where actions do <b>not</b> happen in a short period of time.

       <ul>
        <li> <i>kick</i>: Pele <i>kicked</i> the ball at Manfred.
        <li> <i>touch</i>: Caroline <i>touched</i> her ID card against the scanner to get through the locked door.
        <li> <i>thank</i>: Charlie <i>thanked</i> the candyman with a nod as he ran out of the store.
       </ul>

  <li> Sentences where actions take a long time (or an indeterminate amount of
  time) could never be entirely captured in a short YouTube video.  Here are
  some examples:

  <ul>

    <li> <i>find</i>: Brightly colored feathers are <i>found</i> in the plumage of Amazonian birds.

    <li> <i>touch</i>: I was <i>touched</i> by how much Irene helped me when I broke my leg.

    <li> <i>thank</i>: We <i>thank</i> the Gods for their protection by praying in the temple and offering sacrifices every morning.

  </ul>

  <li> For a particular action, its quite likely that <b>you might not be
  possible to write a sentence with the action and properties as given</b>.  If
  so, click the box that says ""it's not possible to write such a sentence.""
  However, for each action, you should be able to supply a sentence with one of
  the two properties.


  <li> Please make sure your sentences make sense and that you try to answer all
  of the questions.  Incomplete or incoherent responses will be rejected.

  <li> We'll pay a bonus for particularly creative sentences (something that
  makes sense and wouldn't look out of place in a book or newspaper).

</ul>","<object width=""425"" height=""344""><param name=""movie"" value=""http://www.youtube.com/v/nS82N8sT8B8&hl=de_DE&fs=1&rel=0&color1=0x5d1719&color2=0xcd311b""></param><param name=""allowFullScreen"" value=""true""></param><param name=""allowscriptaccess"" value=""always""></param><embed src=""http://www.youtube.com/v/nS82N8sT8B8&autoplay=1&loop=1&hl=de_DE&fs=1&rel=0&color1=0x5d1719&color2=0xcd311b"" type=""application/x-shockwave-flash"" allowscriptaccess=""always"" allowfullscreen=""true"" width=""425"" height=""344""></embed></object>","<object width=""425"" height=""344""><param name=""movie"" value=""http://www.youtube.com/v/ZWiZiUsba2E&hl=de_DE&fs=1&rel=0&color1=0x5d1719&color2=0xcd311b""></param><param name=""allowFullScreen"" value=""true""></param><param name=""allowscriptaccess"" value=""always""></param><embed src=""http://www.youtube.com/v/ZWiZiUsba2E&autoplay=1&loop=1&hl=de_DE&fs=1&rel=0&color1=0x5d1719&color2=0xcd311b"" type=""application/x-shockwave-flash"" allowscriptaccess=""always"" allowfullscreen=""true"" width=""425"" height=""344""></embed></object>","<object width=""425"" height=""344""><param name=""movie"" value=""http://www.youtube.com/v/YTrlAJiJMR4&hl=de_DE&fs=1&rel=0&color1=0x5d1719&color2=0xcd311b""></param><param name=""allowFullScreen"" value=""true""></param><param name=""allowscriptaccess"" value=""always""></param><embed src=""http://www.youtube.com/v/YTrlAJiJMR4&autoplay=1&loop=1&hl=de_DE&fs=1&rel=0&color1=0x5d1719&color2=0xcd311b"" type=""application/x-shockwave-flash"" allowscriptaccess=""always"" allowfullscreen=""true"" width=""425"" height=""344""></embed></object>","<object width=""425"" height=""344""><param name=""movie"" value=""http://www.youtube.com/v/4Pv1SHHsbys&hl=de_DE&fs=1&rel=0&color1=0x5d1719&color2=0xcd311b""></param><param name=""allowFullScreen"" value=""true""></param><param name=""allowscriptaccess"" value=""always""></param><embed src=""http://www.youtube.com/v/4Pv1SHHsbys&autoplay=1&loop=1&hl=de_DE&fs=1&rel=0&color1=0x5d1719&color2=0xcd311b"" type=""application/x-shockwave-flash"" allowscriptaccess=""always"" allowfullscreen=""true"" width=""425"" height=""344""></embed></object>","<object width=""425"" height=""344""><param name=""movie"" value=""http://www.youtube.com/v/cr0MKtryoN4&hl=de_DE&fs=1&rel=0&color1=0x5d1719&color2=0xcd311b""></param><param name=""allowFullScreen"" value=""true""></param><param name=""allowscriptaccess"" value=""always""></param><embed src=""http://www.youtube.com/v/cr0MKtryoN4&autoplay=1&loop=1&hl=de_DE&fs=1&rel=0&color1=0x5d1719&color2=0xcd311b"" type=""application/x-shockwave-flash"" allowscriptaccess=""always"" allowfullscreen=""true"" width=""425"" height=""344""></embed></object>","sit","hear","say","call","stay","Write a sentence where the time taken to sit is very short.","Write a sentence where the time taken to hear is very short.","Write a sentence where the time taken to say is very short.","Write a sentence where the time taken to call is very short.","Write a sentence where the time taken to stay is very short.","Write a sentence where the time taken to sit is very long or of indeterminate length.","Write a sentence where the time taken to hear is very long or of indeterminate length.","Write a sentence where the time taken to say is very long or of indeterminate length.","Write a sentence where the time taken to call is very long or of indeterminate length.","Write a sentence where the time taken to stay is very long or of indeterminate length.","car<br>above<br>butt<br>chair<br>couch<br>down<br>floor<br>inside<br>on<br>outside","footsteps<br>noises<br>sounds<br>suggestions<br>voices<br>whispers","friends<br>a man talking<br>children<br>down<br>he is telling some thing<br>lies<br>people<br>pets<br>story<br>tales<br>telephone","cat<br>dog<br>dr. love<br>friend<br>friends<br>games<br>help<br>home<br>house<br>information<br>number<br>phone<br>relative<br>work","cars<br>comments<br>motion<br>movement<br>opinions<br>time","child<br>gorillas<br>judge<br>man<br>monkeys<br>people<br>president<br>salman khan<br>teacher<br>woman","audience<br>church-goers<br>customer<br>judge<br>student<br>students","lecturer<br>master<br>sir<br>teacher","man<br>woman<br>artist<br>businessman<br>child<br>custmer care<br>fireservice<br>friends<br>secretary<br>student<br>teacher<br>teenager<br>telecallers<br>women","animal<br>boyfriend<br>follower<br>girl<br>girlfriend<br>man<br>men<br>people<br>police<br>rapist<br>serial killer<br>smitten person<br>spouse<br>stalker<br>woman<br>women","","a woman is telling to stay here.","now he is talking by phone.","but, he didnot stay there .","he is telling something.","he dialed a wrong number.","I CAN hear a your suggestions.","he is not talking by telephone.","Sit in the chair.","nothing can hear .","Donot sit on the floor.","","","",""
"14BBT54KS6FY2XQ9DV8BEMDXRMADZN","1NOCZYH76WNFVEY43IJN8DTGU1TCR7","Write Creative Sentences","We'll give you a list of actions (plus ideas for who is doing the action).  You write a sentence where the action is done in a certain way / style.  Possible bonus for creativity.","creative write sentence transitivity nouns verbs writing generation bonus reward","$0.10","Tue Mar 02 16:32:07 GMT 2010","1","","86400","604800","Tue Mar 09 16:32:07 GMT 2010","52","","1UENJWQNO7DR6MZ0TEJU3IM0O9XFW7","A2YHM8535OIB2W","Approved","Thu Mar 04 14:39:46 GMT 2010","Thu Mar 04 14:42:06 GMT 2010","Thu Mar 11 14:42:06 GMT 2010","2010/03/11 14:46:05 +0000","","","140","punctuality","<ul>

  <li> We'll show you an action (represented by a video), things that can do the
  action, and some things the action can be done to.  You'll write two sentences
  combining them together.

  <li> We're interested in how the concept of time is expressed.  One sentence
  you write will be where the action <b>took a short period of time</b>.  The
  other sentence will be where the the action <b>took a long period of time</b>.

  <li> The suggested things that can do the action or that can have the action
  done to them are ideas to get your creative juices flowing.  They came from
  other people on Mechanical Turk, so some of them might not make sense
  (nobody's perfect); if so, please ignore them.  You don't have to use the
  suggested things that can do the action or things that the action can be done
  to.  <b>The only requirement is that you use a form of the specified action
  and to have the sentence <b>reflect the appropriate amount of time needed to
  complete the action</b>.

  <li> There are many different reasons why the actions expressed in sentences
  don't take a short period of time.  For example, the action might be about
  what something ""is"" rather than what it does, or the action itself might take
  a long time or be ongoing.  Here are some examples of sentences
  where actions do <b>not</b> happen in a short period of time.

       <ul>
        <li> <i>kick</i>: Pele <i>kicked</i> the ball at Manfred.
        <li> <i>touch</i>: Caroline <i>touched</i> her ID card against the scanner to get through the locked door.
        <li> <i>thank</i>: Charlie <i>thanked</i> the candyman with a nod as he ran out of the store.
       </ul>

  <li> Sentences where actions take a long time (or an indeterminate amount of
  time) could never be entirely captured in a short YouTube video.  Here are
  some examples:

  <ul>

    <li> <i>find</i>: Brightly colored feathers are <i>found</i> in the plumage of Amazonian birds.

    <li> <i>touch</i>: I was <i>touched</i> by how much Irene helped me when I broke my leg.

    <li> <i>thank</i>: We <i>thank</i> the Gods for their protection by praying in the temple and offering sacrifices every morning.

  </ul>

  <li> For a particular action, its quite likely that <b>you might not be
  possible to write a sentence with the action and properties as given</b>.  If
  so, click the box that says ""it's not possible to write such a sentence.""
  However, for each action, you should be able to supply a sentence with one of
  the two properties.


  <li> Please make sure your sentences make sense and that you try to answer all
  of the questions.  Incomplete or incoherent responses will be rejected.

  <li> We'll pay a bonus for particularly creative sentences (something that
  makes sense and wouldn't look out of place in a book or newspaper).

</ul>","<object width=""425"" height=""344""><param name=""movie"" value=""http://www.youtube.com/v/CJAsK96V-lU&hl=de_DE&fs=1&rel=0&color1=0x5d1719&color2=0xcd311b""></param><param name=""allowFullScreen"" value=""true""></param><param name=""allowscriptaccess"" value=""always""></param><embed src=""http://www.youtube.com/v/CJAsK96V-lU&autoplay=1&loop=1&hl=de_DE&fs=1&rel=0&color1=0x5d1719&color2=0xcd311b"" type=""application/x-shockwave-flash"" allowscriptaccess=""always"" allowfullscreen=""true"" width=""425"" height=""344""></embed></object>","<object width=""425"" height=""344""><param name=""movie"" value=""http://www.youtube.com/v/yGp4FNnZLDU&hl=de_DE&fs=1&rel=0&color1=0x5d1719&color2=0xcd311b""></param><param name=""allowFullScreen"" value=""true""></param><param name=""allowscriptaccess"" value=""always""></param><embed src=""http://www.youtube.com/v/yGp4FNnZLDU&autoplay=1&loop=1&hl=de_DE&fs=1&rel=0&color1=0x5d1719&color2=0xcd311b"" type=""application/x-shockwave-flash"" allowscriptaccess=""always"" allowfullscreen=""true"" width=""425"" height=""344""></embed></object>","<object width=""425"" height=""344""><param name=""movie"" value=""http://www.youtube.com/v/pGwjQqGcgJs&hl=de_DE&fs=1&rel=0&color1=0x5d1719&color2=0xcd311b""></param><param name=""allowFullScreen"" value=""true""></param><param name=""allowscriptaccess"" value=""always""></param><embed src=""http://www.youtube.com/v/pGwjQqGcgJs&autoplay=1&loop=1&hl=de_DE&fs=1&rel=0&color1=0x5d1719&color2=0xcd311b"" type=""application/x-shockwave-flash"" allowscriptaccess=""always"" allowfullscreen=""true"" width=""425"" height=""344""></embed></object>","<object width=""425"" height=""344""><param name=""movie"" value=""http://www.youtube.com/v/oO5hUgp7ixA&hl=de_DE&fs=1&rel=0&color1=0x5d1719&color2=0xcd311b""></param><param name=""allowFullScreen"" value=""true""></param><param name=""allowscriptaccess"" value=""always""></param><embed src=""http://www.youtube.com/v/oO5hUgp7ixA&autoplay=1&loop=1&hl=de_DE&fs=1&rel=0&color1=0x5d1719&color2=0xcd311b"" type=""application/x-shockwave-flash"" allowscriptaccess=""always"" allowfullscreen=""true"" width=""425"" height=""344""></embed></object>","<object width=""425"" height=""344""><param name=""movie"" value=""http://www.youtube.com/v/neQit2EIE2A&hl=de_DE&fs=1&rel=0&color1=0x5d1719&color2=0xcd311b""></param><param name=""allowFullScreen"" value=""true""></param><param name=""allowscriptaccess"" value=""always""></param><embed src=""http://www.youtube.com/v/neQit2EIE2A&autoplay=1&loop=1&hl=de_DE&fs=1&rel=0&color1=0x5d1719&color2=0xcd311b"" type=""application/x-shockwave-flash"" allowscriptaccess=""always"" allowfullscreen=""true"" width=""425"" height=""344""></embed></object>","help","wonder","start","wait","ask","Write a sentence where the time taken to help is very short.","Write a sentence where the time taken to wonder is very short.","Write a sentence where the time taken to start is very short.","Write a sentence where the time taken to wait is very short.","Write a sentence where the time taken to ask is very short.","Write a sentence where the time taken to help is very long or of indeterminate length.","Write a sentence where the time taken to wonder is very long or of indeterminate length.","Write a sentence where the time taken to start is very long or of indeterminate length.","Write a sentence where the time taken to wait is very long or of indeterminate length.","Write a sentence where the time taken to ask is very long or of indeterminate length.","children<br>friends","cost<br>gifts<br>presents<br>prizes","athletes<br>cars<br>clock<br>greyhounds<br>horses<br>runners","tables","address<br>ideas<br>names<br>story","child<br>body builders<br>brother<br>dog<br>fire-fighter<br>fireman<br>friend<br>gentlemen<br>heroes<br>human being<br>knights<br>lifeguard<br>man<br>monkeys<br>nurse<br>policeman<br>rescuer<br>teammates<br>woman","animals<br>director<br>dog<br>human being<br>human beings<br>humans<br>monkey<br>police mans<br>reserch persons<br>roberts<br>singer<br>student","athlete<br>atheletic<br>cricketer<br>deer<br>dog<br>leopard<br>prey<br>tiger","bus<br>bus train<br>human beings<br>lover<br>passenger for taxi<br>passenger for train<br>people<br>student<br>train<br>vehicles","student<br>writer<br>animals<br>artist<br>boy<br>directer<br>employee<br>girl<br>man<br>monkey<br>orator<br>philosopher<br>professor<br>teacher","","","HE WILL BE HAPPY","","HE SLIPS DOWN","HE WILL BE HESITATED","","HE WILL PRACTISED","SHE WAS SAVED","","SHE WAS SUFFERED A LOT","on","on","on","on"
"1Y7CQLKBHAYM9V0KBUGPXI2K1I1C6V","1NOCZYH76WNFVEY43IJN8DTGU1TCR7","Write Creative Sentences","We'll give you a list of actions (plus ideas for who is doing the action).  You write a sentence where the action is done in a certain way / style.  Possible bonus for creativity.","creative write sentence transitivity nouns verbs writing generation bonus reward","$0.10","Tue Mar 02 16:32:07 GMT 2010","1","","86400","604800","Tue Mar 09 16:32:07 GMT 2010","63","","139VIG97DH36X8P23XWKKHS2T0I5SQ","A2LB8ZAXLNOXNO","Approved","Wed Mar 03 09:08:24 GMT 2010","Wed Mar 03 09:23:00 GMT 2010","Wed Mar 10 09:23:00 GMT 2010","2010/03/10 09:26:05 +0000","","","876","punctuality","<ul>

  <li> We'll show you an action (represented by a video), things that can do the
  action, and some things the action can be done to.  You'll write two sentences
  combining them together.

  <li> We're interested in how the concept of time is expressed.  One sentence
  you write will be where the action <b>took a short period of time</b>.  The
  other sentence will be where the the action <b>took a long period of time</b>.

  <li> The suggested things that can do the action or that can have the action
  done to them are ideas to get your creative juices flowing.  They came from
  other people on Mechanical Turk, so some of them might not make sense
  (nobody's perfect); if so, please ignore them.  You don't have to use the
  suggested things that can do the action or things that the action can be done
  to.  <b>The only requirement is that you use a form of the specified action
  and to have the sentence <b>reflect the appropriate amount of time needed to
  complete the action</b>.

  <li> There are many different reasons why the actions expressed in sentences
  don't take a short period of time.  For example, the action might be about
  what something ""is"" rather than what it does, or the action itself might take
  a long time or be ongoing.  Here are some examples of sentences
  where actions do <b>not</b> happen in a short period of time.

       <ul>
        <li> <i>kick</i>: Pele <i>kicked</i> the ball at Manfred.
        <li> <i>touch</i>: Caroline <i>touched</i> her ID card against the scanner to get through the locked door.
        <li> <i>thank</i>: Charlie <i>thanked</i> the candyman with a nod as he ran out of the store.
       </ul>

  <li> Sentences where actions take a long time (or an indeterminate amount of
  time) could never be entirely captured in a short YouTube video.  Here are
  some examples:

  <ul>

    <li> <i>find</i>: Brightly colored feathers are <i>found</i> in the plumage of Amazonian birds.

    <li> <i>touch</i>: I was <i>touched</i> by how much Irene helped me when I broke my leg.

    <li> <i>thank</i>: We <i>thank</i> the Gods for their protection by praying in the temple and offering sacrifices every morning.

  </ul>

  <li> For a particular action, its quite likely that <b>you might not be
  possible to write a sentence with the action and properties as given</b>.  If
  so, click the box that says ""it's not possible to write such a sentence.""
  However, for each action, you should be able to supply a sentence with one of
  the two properties.


  <li> Please make sure your sentences make sense and that you try to answer all
  of the questions.  Incomplete or incoherent responses will be rejected.

  <li> We'll pay a bonus for particularly creative sentences (something that
  makes sense and wouldn't look out of place in a book or newspaper).

</ul>","<object width=""425"" height=""344""><param name=""movie"" value=""http://www.youtube.com/v/uKkFLRKhbSU&hl=de_DE&fs=1&rel=0&color1=0x5d1719&color2=0xcd311b""></param><param name=""allowFullScreen"" value=""true""></param><param name=""allowscriptaccess"" value=""always""></param><embed src=""http://www.youtube.com/v/uKkFLRKhbSU&autoplay=1&loop=1&hl=de_DE&fs=1&rel=0&color1=0x5d1719&color2=0xcd311b"" type=""application/x-shockwave-flash"" allowscriptaccess=""always"" allowfullscreen=""true"" width=""425"" height=""344""></embed></object>","<object width=""425"" height=""344""><param name=""movie"" value=""http://www.youtube.com/v/nicBVkt39mE&hl=de_DE&fs=1&rel=0&color1=0x5d1719&color2=0xcd311b""></param><param name=""allowFullScreen"" value=""true""></param><param name=""allowscriptaccess"" value=""always""></param><embed src=""http://www.youtube.com/v/nicBVkt39mE&autoplay=1&loop=1&hl=de_DE&fs=1&rel=0&color1=0x5d1719&color2=0xcd311b"" type=""application/x-shockwave-flash"" allowscriptaccess=""always"" allowfullscreen=""true"" width=""425"" height=""344""></embed></object>","<object width=""425"" height=""344""><param name=""movie"" value=""http://www.youtube.com/v/JlFDwgk3X1g&hl=de_DE&fs=1&rel=0&color1=0x5d1719&color2=0xcd311b""></param><param name=""allowFullScreen"" value=""true""></param><param name=""allowscriptaccess"" value=""always""></param><embed src=""http://www.youtube.com/v/JlFDwgk3X1g&autoplay=1&loop=1&hl=de_DE&fs=1&rel=0&color1=0x5d1719&color2=0xcd311b"" type=""application/x-shockwave-flash"" allowscriptaccess=""always"" allowfullscreen=""true"" width=""425"" height=""344""></embed></object>","<object width=""425"" height=""344""><param name=""movie"" value=""http://www.youtube.com/v/FH9ThvS4Wlw&hl=de_DE&fs=1&rel=0&color1=0x5d1719&color2=0xcd311b""></param><param name=""allowFullScreen"" value=""true""></param><param name=""allowscriptaccess"" value=""always""></param><embed src=""http://www.youtube.com/v/FH9ThvS4Wlw&autoplay=1&loop=1&hl=de_DE&fs=1&rel=0&color1=0x5d1719&color2=0xcd311b"" type=""application/x-shockwave-flash"" allowscriptaccess=""always"" allowfullscreen=""true"" width=""425"" height=""344""></embed></object>","<object width=""425"" height=""344""><param name=""movie"" value=""http://www.youtube.com/v/NuGqznSZlyE&hl=de_DE&fs=1&rel=0&color1=0x5d1719&color2=0xcd311b""></param><param name=""allowFullScreen"" value=""true""></param><param name=""allowscriptaccess"" value=""always""></param><embed src=""http://www.youtube.com/v/NuGqznSZlyE&autoplay=1&loop=1&hl=de_DE&fs=1&rel=0&color1=0x5d1719&color2=0xcd311b"" type=""application/x-shockwave-flash"" allowscriptaccess=""always"" allowfullscreen=""true"" width=""425"" height=""344""></embed></object>","love","find","use","pick","work","Write a sentence where the time taken to love is very short.","Write a sentence where the time taken to find is very short.","Write a sentence where the time taken to use is very short.","Write a sentence where the time taken to pick is very short.","Write a sentence where the time taken to work is very short.","Write a sentence where the time taken to love is very long or of indeterminate length.","Write a sentence where the time taken to find is very long or of indeterminate length.","Write a sentence where the time taken to use is very long or of indeterminate length.","Write a sentence where the time taken to pick is very long or of indeterminate length.","Write a sentence where the time taken to work is very long or of indeterminate length.","chocholate<br>doors<br>hands<br>mother<br>on<br>wife","a man searching the money<br>address<br>books<br>clothes<br>freedom<br>friends<br>he is searching for money<br>keys<br>lost<br>money<br>nemo<br>pages<br>toys<br>wallet","bones<br>dishes<br>door<br>glasses<br>remote<br>tv","actions<br>dinner<br>gift<br>outfit<br>price<br>priority","a man working in the laptop<br>calculator<br>computer<br>he is working<br>keyboard<br>letter<br>letters<br>memo<br>messages<br>notes<br>orders<br>printer<br>writing and drinking","boy<br>lover<br>man<br>mother","men<br>women<br>actor<br>adultsgrab<br>boy<br>boys<br>children<br>girls<br>man<br>monkeys<br>people<br>pupil<br>student","man<br>woman<br>boy<br>child<br>dont understand<br>girl<br>human<br>person<br>primate<br>robot","animals<br>human beings<br>college<br>customer<br>institute<br>judge<br>man","doctor<br>man<br>worker<br>working","","The man took a brief break before continuing his work.","He selected the pear from the basket without much hesitation.","Working in this posture is unhealthy.","He forced the lock on his briefcase.","The espalier fruit trees finally bore fruit.","He found the money under the basket.","The teeth on the hacksaw is very blunt.","The man offered flowers which was accepted.","Kneeling can cause bursitis.","He was grateful that she accepted his flowers after lusting after her since the first day they met.","","","",""
"1H9YXLR02SU5DVEPU4LH3W2GWTLC7U","1NOCZYH76WNFVEY43IJN8DTGU1TCR7","Write Creative Sentences","We'll give you a list of actions (plus ideas for who is doing the action).  You write a sentence where the action is done in a certain way / style.  Possible bonus for creativity.","creative write sentence transitivity nouns verbs writing generation bonus reward","$0.10","Tue Mar 02 16:32:07 GMT 2010","1","","86400","604800","Tue Mar 09 16:32:07 GMT 2010","42","","1CWSWGHXHVS3ZDCXJ00Y88TW1OQ5MU","AR4UI9K92BUT3","Approved","Sun Mar 07 21:54:41 GMT 2010","Sun Mar 07 22:06:44 GMT 2010","Sun Mar 14 22:06:44 GMT 2010","2010/03/14 22:11:06 +0000","","","723","punctuality","<ul>

  <li> We'll show you an action (represented by a video), things that can do the
  action, and some things the action can be done to.  You'll write two sentences
  combining them together.

  <li> We're interested in how the concept of time is expressed.  One sentence
  you write will be where the action <b>took a short period of time</b>.  The
  other sentence will be where the the action <b>took a long period of time</b>.

  <li> The suggested things that can do the action or that can have the action
  done to them are ideas to get your creative juices flowing.  They came from
  other people on Mechanical Turk, so some of them might not make sense
  (nobody's perfect); if so, please ignore them.  You don't have to use the
  suggested things that can do the action or things that the action can be done
  to.  <b>The only requirement is that you use a form of the specified action
  and to have the sentence <b>reflect the appropriate amount of time needed to
  complete the action</b>.

  <li> There are many different reasons why the actions expressed in sentences
  don't take a short period of time.  For example, the action might be about
  what something ""is"" rather than what it does, or the action itself might take
  a long time or be ongoing.  Here are some examples of sentences
  where actions do <b>not</b> happen in a short period of time.

       <ul>
        <li> <i>kick</i>: Pele <i>kicked</i> the ball at Manfred.
        <li> <i>touch</i>: Caroline <i>touched</i> her ID card against the scanner to get through the locked door.
        <li> <i>thank</i>: Charlie <i>thanked</i> the candyman with a nod as he ran out of the store.
       </ul>

  <li> Sentences where actions take a long time (or an indeterminate amount of
  time) could never be entirely captured in a short YouTube video.  Here are
  some examples:

  <ul>

    <li> <i>find</i>: Brightly colored feathers are <i>found</i> in the plumage of Amazonian birds.

    <li> <i>touch</i>: I was <i>touched</i> by how much Irene helped me when I broke my leg.

    <li> <i>thank</i>: We <i>thank</i> the Gods for their protection by praying in the temple and offering sacrifices every morning.

  </ul>

  <li> For a particular action, its quite likely that <b>you might not be
  possible to write a sentence with the action and properties as given</b>.  If
  so, click the box that says ""it's not possible to write such a sentence.""
  However, for each action, you should be able to supply a sentence with one of
  the two properties.


  <li> Please make sure your sentences make sense and that you try to answer all
  of the questions.  Incomplete or incoherent responses will be rejected.

  <li> We'll pay a bonus for particularly creative sentences (something that
  makes sense and wouldn't look out of place in a book or newspaper).

</ul>","<object width=""425"" height=""344""><param name=""movie"" value=""http://www.youtube.com/v/BRG5Vr4nB3A&hl=de_DE&fs=1&rel=0&color1=0x5d1719&color2=0xcd311b""></param><param name=""allowFullScreen"" value=""true""></param><param name=""allowscriptaccess"" value=""always""></param><embed src=""http://www.youtube.com/v/BRG5Vr4nB3A&autoplay=1&loop=1&hl=de_DE&fs=1&rel=0&color1=0x5d1719&color2=0xcd311b"" type=""application/x-shockwave-flash"" allowscriptaccess=""always"" allowfullscreen=""true"" width=""425"" height=""344""></embed></object>","<object width=""425"" height=""344""><param name=""movie"" value=""http://www.youtube.com/v/lzZ2IpL7dtA&hl=de_DE&fs=1&rel=0&color1=0x5d1719&color2=0xcd311b""></param><param name=""allowFullScreen"" value=""true""></param><param name=""allowscriptaccess"" value=""always""></param><embed src=""http://www.youtube.com/v/lzZ2IpL7dtA&autoplay=1&loop=1&hl=de_DE&fs=1&rel=0&color1=0x5d1719&color2=0xcd311b"" type=""application/x-shockwave-flash"" allowscriptaccess=""always"" allowfullscreen=""true"" width=""425"" height=""344""></embed></object>","<object width=""425"" height=""344""><param name=""movie"" value=""http://www.youtube.com/v/gli_076l3_k&hl=de_DE&fs=1&rel=0&color1=0x5d1719&color2=0xcd311b""></param><param name=""allowFullScreen"" value=""true""></param><param name=""allowscriptaccess"" value=""always""></param><embed src=""http://www.youtube.com/v/gli_076l3_k&autoplay=1&loop=1&hl=de_DE&fs=1&rel=0&color1=0x5d1719&color2=0xcd311b"" type=""application/x-shockwave-flash"" allowscriptaccess=""always"" allowfullscreen=""true"" width=""425"" height=""344""></embed></object>","<object width=""425"" height=""344""><param name=""movie"" value=""http://www.youtube.com/v/rizYYWVssyo&hl=de_DE&fs=1&rel=0&color1=0x5d1719&color2=0xcd311b""></param><param name=""allowFullScreen"" value=""true""></param><param name=""allowscriptaccess"" value=""always""></param><embed src=""http://www.youtube.com/v/rizYYWVssyo&autoplay=1&loop=1&hl=de_DE&fs=1&rel=0&color1=0x5d1719&color2=0xcd311b"" type=""application/x-shockwave-flash"" allowscriptaccess=""always"" allowfullscreen=""true"" width=""425"" height=""344""></embed></object>","<object width=""425"" height=""344""><param name=""movie"" value=""http://www.youtube.com/v/WDKvvls5D3Y&hl=de_DE&fs=1&rel=0&color1=0x5d1719&color2=0xcd311b""></param><param name=""allowFullScreen"" value=""true""></param><param name=""allowscriptaccess"" value=""always""></param><embed src=""http://www.youtube.com/v/WDKvvls5D3Y&autoplay=1&loop=1&hl=de_DE&fs=1&rel=0&color1=0x5d1719&color2=0xcd311b"" type=""application/x-shockwave-flash"" allowscriptaccess=""always"" allowfullscreen=""true"" width=""425"" height=""344""></embed></object>","see","want","let","hope","like","Write a sentence where the time taken to see is very short.","Write a sentence where the time taken to want is very short.","Write a sentence where the time taken to let is very short.","Write a sentence where the time taken to hope is very short.","Write a sentence where the time taken to like is very short.","Write a sentence where the time taken to see is very long or of indeterminate length.","Write a sentence where the time taken to want is very long or of indeterminate length.","Write a sentence where the time taken to let is very long or of indeterminate length.","Write a sentence where the time taken to hope is very long or of indeterminate length.","Write a sentence where the time taken to like is very long or of indeterminate length.","books<br>clothes<br>food<br>people<br>address<br>cars<br>dog<br>job<br>names<br>nudity<br>places<br>plate<br>shoes<br>tv","cars<br>children<br>friends<br>music<br>parents<br>pets","children<br>people<br>elders<br>friends<br>guests<br>men<br>pets<br>subordinates<br>wife<br>women","god<br>allah<br>answer<br>buddha<br>higher power<br>hope<br>jesus<br>men<br>mercy<br>people<br>prayer<br>rain<br>reply<br>self<br>winning<br>women","children<br>babies<br>friend<br>friends<br>grandparents<br>husband<br>lover<br>parents<br>relative<br>siblings<br>spouse<br>toy<br>toys<br>tree<br>wife","animals<br>birds<br>brother<br>cats<br>cows<br>dogs<br>horses<br>humans<br>man<br>neighbor<br>people<br>pets<br>son","dog<br>bear<br>beggar<br>bird<br>cat<br>guy<br>hyena<br>man","girl<br>lady<br>techer","mother<br>priest<br>boyfriend<br>child<br>church-goer<br>desperate person<br>devout<br>father<br>fathers<br>girlfriend<br>man<br>minister<br>monkey<br>nun<br>player<br>sisters<br>students","mother<br>girl<br>woman<br>animal<br>animals<br>baby<br>boyfriend<br>child<br>children<br>father<br>friends<br>girlfriend<br>lovers<br>nurse<br>old peoples<br>parent","These were fun once I got the hang of it. But the videos sure do slow the process down. Maybe pictures vice videos would speed things up? Thanks!","He had a crooked smile, snub nose and infectious laugh and I liked him from the get go.","The car slid on the black ice and I yanked the wheel to the right hoping to avoid the grassy slope of the median strip.","Over time I've learned to like broccoli.","My brother jumped to one side to let the drunk stumble by between us.","I have always hoped that my son's disability would not hold him back from achieving his dreams.","As soon as I saw her I wanted to meet her.","Over the years Tom let Nancy take the lead in their relationship.","As soon as I turned the corner I saw the flashing blue lights of the police cruiser.","Ever since I was a child I wanted to go to sea.","It's taken me years to see my father for what he is.","","","",""
"1C79H6OM5A263GATHIR56QKCQVD3NY","1NOCZYH76WNFVEY43IJN8DTGU1TCR7","Write Creative Sentences","We'll give you a list of actions (plus ideas for who is doing the action).  You write a sentence where the action is done in a certain way / style.  Possible bonus for creativity.","creative write sentence transitivity nouns verbs writing generation bonus reward","$0.10","Tue Mar 02 16:32:07 GMT 2010","1","","86400","604800","Tue Mar 09 16:32:07 GMT 2010","27","","1I98IO8SLUF7OLFLC2OX9AIJK3ACVM","A1NHNUBZEN1EN8","Approved","Tue Mar 09 12:49:41 GMT 2010","Tue Mar 09 12:57:00 GMT 2010","Tue Mar 16 12:57:00 GMT 2010","2010/03/16 13:01:06 +0000","","","439","punctuality","<ul>

  <li> We'll show you an action (represented by a video), things that can do the
  action, and some things the action can be done to.  You'll write two sentences
  combining them together.

  <li> We're interested in how the concept of time is expressed.  One sentence
  you write will be where the action <b>took a short period of time</b>.  The
  other sentence will be where the the action <b>took a long period of time</b>.

  <li> The suggested things that can do the action or that can have the action
  done to them are ideas to get your creative juices flowing.  They came from
  other people on Mechanical Turk, so some of them might not make sense
  (nobody's perfect); if so, please ignore them.  You don't have to use the
  suggested things that can do the action or things that the action can be done
  to.  <b>The only requirement is that you use a form of the specified action
  and to have the sentence <b>reflect the appropriate amount of time needed to
  complete the action</b>.

  <li> There are many different reasons why the actions expressed in sentences
  don't take a short period of time.  For example, the action might be about
  what something ""is"" rather than what it does, or the action itself might take
  a long time or be ongoing.  Here are some examples of sentences
  where actions do <b>not</b> happen in a short period of time.

       <ul>
        <li> <i>kick</i>: Pele <i>kicked</i> the ball at Manfred.
        <li> <i>touch</i>: Caroline <i>touched</i> her ID card against the scanner to get through the locked door.
        <li> <i>thank</i>: Charlie <i>thanked</i> the candyman with a nod as he ran out of the store.
       </ul>

  <li> Sentences where actions take a long time (or an indeterminate amount of
  time) could never be entirely captured in a short YouTube video.  Here are
  some examples:

  <ul>

    <li> <i>find</i>: Brightly colored feathers are <i>found</i> in the plumage of Amazonian birds.

    <li> <i>touch</i>: I was <i>touched</i> by how much Irene helped me when I broke my leg.

    <li> <i>thank</i>: We <i>thank</i> the Gods for their protection by praying in the temple and offering sacrifices every morning.

  </ul>

  <li> For a particular action, its quite likely that <b>you might not be
  possible to write a sentence with the action and properties as given</b>.  If
  so, click the box that says ""it's not possible to write such a sentence.""
  However, for each action, you should be able to supply a sentence with one of
  the two properties.


  <li> Please make sure your sentences make sense and that you try to answer all
  of the questions.  Incomplete or incoherent responses will be rejected.

  <li> We'll pay a bonus for particularly creative sentences (something that
  makes sense and wouldn't look out of place in a book or newspaper).

</ul>","<object width=""425"" height=""344""><param name=""movie"" value=""http://www.youtube.com/v/5jwjqt_S0aE&hl=de_DE&fs=1&rel=0&color1=0x5d1719&color2=0xcd311b""></param><param name=""allowFullScreen"" value=""true""></param><param name=""allowscriptaccess"" value=""always""></param><embed src=""http://www.youtube.com/v/5jwjqt_S0aE&autoplay=1&loop=1&hl=de_DE&fs=1&rel=0&color1=0x5d1719&color2=0xcd311b"" type=""application/x-shockwave-flash"" allowscriptaccess=""always"" allowfullscreen=""true"" width=""425"" height=""344""></embed></object>","<object width=""425"" height=""344""><param name=""movie"" value=""http://www.youtube.com/v/qB6QuxWG8mE&hl=de_DE&fs=1&rel=0&color1=0x5d1719&color2=0xcd311b""></param><param name=""allowFullScreen"" value=""true""></param><param name=""allowscriptaccess"" value=""always""></param><embed src=""http://www.youtube.com/v/qB6QuxWG8mE&autoplay=1&loop=1&hl=de_DE&fs=1&rel=0&color1=0x5d1719&color2=0xcd311b"" type=""application/x-shockwave-flash"" allowscriptaccess=""always"" allowfullscreen=""true"" width=""425"" height=""344""></embed></object>","<object width=""425"" height=""344""><param name=""movie"" value=""http://www.youtube.com/v/UhDY-uYCP_M&hl=de_DE&fs=1&rel=0&color1=0x5d1719&color2=0xcd311b""></param><param name=""allowFullScreen"" value=""true""></param><param name=""allowscriptaccess"" value=""always""></param><embed src=""http://www.youtube.com/v/UhDY-uYCP_M&autoplay=1&loop=1&hl=de_DE&fs=1&rel=0&color1=0x5d1719&color2=0xcd311b"" type=""application/x-shockwave-flash"" allowscriptaccess=""always"" allowfullscreen=""true"" width=""425"" height=""344""></embed></object>","<object width=""425"" height=""344""><param name=""movie"" value=""http://www.youtube.com/v/nLzt8gtXMCI&hl=de_DE&fs=1&rel=0&color1=0x5d1719&color2=0xcd311b""></param><param name=""allowFullScreen"" value=""true""></param><param name=""allowscriptaccess"" value=""always""></param><embed src=""http://www.youtube.com/v/nLzt8gtXMCI&autoplay=1&loop=1&hl=de_DE&fs=1&rel=0&color1=0x5d1719&color2=0xcd311b"" type=""application/x-shockwave-flash"" allowscriptaccess=""always"" allowfullscreen=""true"" width=""425"" height=""344""></embed></object>","<object width=""425"" height=""344""><param name=""movie"" value=""http://www.youtube.com/v/rpeVcs_xrww&hl=de_DE&fs=1&rel=0&color1=0x5d1719&color2=0xcd311b""></param><param name=""allowFullScreen"" value=""true""></param><param name=""allowscriptaccess"" value=""always""></param><embed src=""http://www.youtube.com/v/rpeVcs_xrww&autoplay=1&loop=1&hl=de_DE&fs=1&rel=0&color1=0x5d1719&color2=0xcd311b"" type=""application/x-shockwave-flash"" allowscriptaccess=""always"" allowfullscreen=""true"" width=""425"" height=""344""></embed></object>","make","pay","buy","thank","think","Write a sentence where the time taken to make is very short.","Write a sentence where the time taken to pay is very short.","Write a sentence where the time taken to buy is very short.","Write a sentence where the time taken to thank is very short.","Write a sentence where the time taken to think is very short.","Write a sentence where the time taken to make is very long or of indeterminate length.","Write a sentence where the time taken to pay is very long or of indeterminate length.","Write a sentence where the time taken to buy is very long or of indeterminate length.","Write a sentence where the time taken to thank is very long or of indeterminate length.","Write a sentence where the time taken to think is very long or of indeterminate length.","blanket<br>clothes<br>paper","benefit<br>gifts<br>hard time<br>keys<br>money<br>suggestions","books<br>clothes<br>fruits<br>tickets<br>toys","books<br>clothes<br>drinks<br>food<br>friends<br>gifts<br>people<br>relatives<br>toys","alone<br>elbows<br>ideas<br>knees<br>metal<br>over<br>positively<br>rubber","boy<br>craftsmen<br>girl<br>hammer<br>machine<br>man<br>paper artist<br>people<br>person<br>woman","buyer<br>seller<br>banker<br>cashier<br>child<br>man<br>men<br>people<br>woman<br>women","human beings<br>animals<br>bankers<br>bowler<br>homemaker<br>player<br>retailer<br>robberts<br>shop  keepers<br>wholesaler","children<br>men<br>women<br>adults<br>boyfriend<br>grandson<br>husband<br>lover<br>people<br>son<br>student<br>students","animals<br>artists<br>computers<br>dogs<br>dreamers<br>employee<br>husband<br>lost tourist<br>mathmaticians<br>people<br>philosopher<br>software<br>students<br>tired person<br>writers","","The artists thought elbows were hard to draw and practiced them right away.","The student thanked the people right after his presentation.","The philosopher thought about ideas forever.","The player bought toys on the spot.","The grandson thanked the relatives later when his mother made him sit down to write notes.","The cahier paid money to the successful gamblers immediately.","The shop keepers bought clothes only when the itenerant gypsies came by the shop.","The paper artist made clothes for the doll in seconds.","The banker only paid the money annually.","The woman made clothes for her child throughout her life.","","","",""
