"HITId","HITTypeId","Title","Description","Keywords","Reward","CreationTime","MaxAssignments","RequesterAnnotation","AssignmentDurationInSeconds","AutoApprovalDelayInSeconds","Expiration","NumberOfSimilarHITs","LifetimeInSeconds","AssignmentId","WorkerId","AssignmentStatus","AcceptTime","SubmitTime","AutoApprovalTime","ApprovalTime","RejectionTime","RequesterFeedback","WorkTimeInSeconds","Input.feature","Input.instructions","Input.video0","Input.video1","Input.video2","Input.video3","Input.video4","Input.verb0","Input.verb1","Input.verb2","Input.verb3","Input.verb4","Input.prompt0a","Input.prompt1a","Input.prompt2a","Input.prompt3a","Input.prompt4a","Input.prompt0b","Input.prompt1b","Input.prompt2b","Input.prompt3b","Input.prompt4b","Input.objects0","Input.objects1","Input.objects2","Input.objects3","Input.objects4","Input.subjects0","Input.subjects1","Input.subjects2","Input.subjects3","Input.subjects4","Answer.comments","Answer.answer4a","Answer.answer3a","Answer.answer4b","Answer.answer3b","Answer.answer2a","Answer.answer2b","Answer.answer1a","Answer.answer0a","Answer.answer1b","Answer.answer0b","Answer.impossible1bClicked","Answer.impossible0bClicked","Answer.impossible4bClicked","Approve","Reject"
"1JSCJMAQE47GFG7855BQTYGNL0D3LW","1NOCZYH76WNFVEY43IJN8DTGU1TCR7","Write Creative Sentences","We'll give you a list of actions (plus ideas for who is doing the action).  You write a sentence where the action is done in a certain way / style.  Possible bonus for creativity.","creative write sentence transitivity nouns verbs writing generation bonus reward","$0.10","Tue Mar 02 16:28:41 GMT 2010","1","","86400","604800","Tue Mar 09 16:28:41 GMT 2010","33","","15B8ODVNVOVP82SZAKINIWIO0VEH2G","A3DDQ8RBO135P2","Approved","Mon Mar 08 22:47:31 GMT 2010","Mon Mar 08 22:56:02 GMT 2010","Mon Mar 15 22:56:02 GMT 2010","2010/03/15 22:56:05 +0000","","","511","aspect_volition","<ul>

  <li> We'll show you an action (represented by a video), things that can do the
  action, and some things the action can be done to, and you'll write two
  sentences combining them together.

  <li> We're interested in how the concept of choice is expressed.  One sentence
  you write will be where the thing doing the action <b>actively chose to do the
  action</b>.  The other sentence will be where the thing doing the action
  <b>did not or cannot choose to do the action</b>.

  <li> The suggested things that can do the action or that can have the action
  done to them are ideas to get your creative juices flowing.  They came
  from other people on Mechanical Turk, so some of them might not make sense
  (nobody's perfect); if so, please ignore them.  You don't have to use the
  suggested things that can do the action or things that the action can be done
  to.  <b>The only requirement is that you use a form of the specified action
  and to have the sentence reflect that a choice is (or is not) being made.</b>

  <li> There many different reasons why sentences have actions where choices are
not being made.  For example, the thing doing the action might have done it
automatically or might be incabable of making decisions.  Here are some examples
of sentences where choices are <b>not</b> being made.

       <ul>
        <li> <i>startle</i>: The picture <i>startled</i> George
        <li> <i>forget</i>: Sarah <i>forgot</i> Joe's name
        <li> <i>wash</i>: The sidewalk was <i>washed</i> by the rain.
       </ul>

  <li> Note that we're interested in choices being made, not the motivations
  behind the choices.  If someone is forced to do something, they still
  conciously decide to do it.

  <li> Sentences where choices are being made have something can make a decision
  and does make the decision.  For example:

  <ul>

    <li> <i>startle</i>: Ed jumped out of the bushes yelling like an idiot and
    <i>startled</i> his poor sister.

    <li> <i>forget</i>: After he apologized, I decided to <i>forget</i> about
    Bill's insult.

    <li> <i>wash</i>: Joe <i>washed</i> my car in the driveway this morning.

  </ul>

  <li> It might not be possible to write a sentence with the action and
  properties as given.  If so, click the box that says ""it's not possible to
  write such a sentence.""


  <li> Please make sure your sentences make sense and that you try to answer all
  of the questions.  Incomplete or incoherent responses will be rejected.

  <li> We'll pay a bonus for particularly creative sentences (something that
  makes sense and wouldn't look out of place in a book or newspaper).

</ul>","<object width=""425"" height=""344""><param name=""movie"" value=""http://www.youtube.com/v/wnOOtW7iQoI&hl=de_DE&fs=1&rel=0&color1=0x5d1719&color2=0xcd311b""></param><param name=""allowFullScreen"" value=""true""></param><param name=""allowscriptaccess"" value=""always""></param><embed src=""http://www.youtube.com/v/wnOOtW7iQoI&autoplay=1&loop=1&hl=de_DE&fs=1&rel=0&color1=0x5d1719&color2=0xcd311b"" type=""application/x-shockwave-flash"" allowscriptaccess=""always"" allowfullscreen=""true"" width=""425"" height=""344""></embed></object>","<object width=""425"" height=""344""><param name=""movie"" value=""http://www.youtube.com/v/GYTz157gJbQ&hl=de_DE&fs=1&rel=0&color1=0x5d1719&color2=0xcd311b""></param><param name=""allowFullScreen"" value=""true""></param><param name=""allowscriptaccess"" value=""always""></param><embed src=""http://www.youtube.com/v/GYTz157gJbQ&autoplay=1&loop=1&hl=de_DE&fs=1&rel=0&color1=0x5d1719&color2=0xcd311b"" type=""application/x-shockwave-flash"" allowscriptaccess=""always"" allowfullscreen=""true"" width=""425"" height=""344""></embed></object>","<object width=""425"" height=""344""><param name=""movie"" value=""http://www.youtube.com/v/IU47l2qeVfE&hl=de_DE&fs=1&rel=0&color1=0x5d1719&color2=0xcd311b""></param><param name=""allowFullScreen"" value=""true""></param><param name=""allowscriptaccess"" value=""always""></param><embed src=""http://www.youtube.com/v/IU47l2qeVfE&autoplay=1&loop=1&hl=de_DE&fs=1&rel=0&color1=0x5d1719&color2=0xcd311b"" type=""application/x-shockwave-flash"" allowscriptaccess=""always"" allowfullscreen=""true"" width=""425"" height=""344""></embed></object>","<object width=""425"" height=""344""><param name=""movie"" value=""http://www.youtube.com/v/BtpghexY4fo&hl=de_DE&fs=1&rel=0&color1=0x5d1719&color2=0xcd311b""></param><param name=""allowFullScreen"" value=""true""></param><param name=""allowscriptaccess"" value=""always""></param><embed src=""http://www.youtube.com/v/BtpghexY4fo&autoplay=1&loop=1&hl=de_DE&fs=1&rel=0&color1=0x5d1719&color2=0xcd311b"" type=""application/x-shockwave-flash"" allowscriptaccess=""always"" allowfullscreen=""true"" width=""425"" height=""344""></embed></object>","<object width=""425"" height=""344""><param name=""movie"" value=""http://www.youtube.com/v/uLaWhPaEvoA&hl=de_DE&fs=1&rel=0&color1=0x5d1719&color2=0xcd311b""></param><param name=""allowFullScreen"" value=""true""></param><param name=""allowscriptaccess"" value=""always""></param><embed src=""http://www.youtube.com/v/uLaWhPaEvoA&autoplay=1&loop=1&hl=de_DE&fs=1&rel=0&color1=0x5d1719&color2=0xcd311b"" type=""application/x-shockwave-flash"" allowscriptaccess=""always"" allowfullscreen=""true"" width=""425"" height=""344""></embed></object>","bet","need","read","stop","worry","Write a sentence where the thing doing the action makes a concious choice to bet.","Write a sentence where the thing doing the action makes a concious choice to need.","Write a sentence where the thing doing the action makes a concious choice to read.","Write a sentence where the thing doing the action makes a concious choice to stop.","Write a sentence where the thing doing the action makes a concious choice to worry.","Write a sentence where the thing doing the action does not or cannot make a concious choice to bet.","Write a sentence where the thing doing the action does not or cannot make a concious choice to need.","Write a sentence where the thing doing the action does not or cannot make a concious choice to read.","Write a sentence where the thing doing the action does not or cannot make a concious choice to stop.","Write a sentence where the thing doing the action does not or cannot make a concious choice to worry.","cards<br>chess<br>cricket<br>football<br>games<br>hockey","food<br>water","articles<br>blog<br>book<br>books<br>cars<br>colors<br>dramas<br>essays<br>instructions<br>leaves<br>letters<br>magazine<br>newspaper<br>novels<br>pages<br>stories<br>traffic lights","car<br>time<br>train<br>animal<br>bus<br>children<br>clock<br>cycle<br>dinner<br>movement<br>people<br>person<br>truck","answers<br>employment<br>government<br>mother<br>nerves<br>offers<br>press<br>waiting<br>wondering","adults<br>casinos<br>friend<br>humans<br>man<br>men<br>neighbor<br>opponent<br>sucker<br>women","man<br>athlete<br>child<br>cowboy<br>desert<br>dog<br>living things<br>man stranded in desert<br>pilgrim<br>poor people<br>prisoner<br>refugee<br>runner<br>seafarers<br>stranger<br>torture victim<br>victim<br>worker","student<br>teacher<br>adult<br>businessman<br>child<br>instructor<br>ladies<br>man<br>oldman<br>people<br>professor<br>secretary<br>writer","children<br>men<br>actor<br>adults<br>boy<br>boys<br>dogs<br>girls<br>man<br>monkeys<br>people<br>son<br>student<br>women","animals<br>boy<br>human beings<br>scientist","","the boy had nerves from waiting for his date, his mother, to arrive.","the people, walking there monkeys, were stopped at the train by a person in a truck.","","","the student that had to read as many books as he could in a day.","the student that was lazy didnt want to read.","the man stranded in the desert was a worker who had not had any food or water for days and days.","the women playing cards against her friend is betting against her opponent in the gmes.","the man stranded in the desert was very hungry but when he was given water it was gone so he could not have any.the","","","on","on"
"1JVIZF69SMZR29ZN5O482MB3T7LC1X","1NOCZYH76WNFVEY43IJN8DTGU1TCR7","Write Creative Sentences","We'll give you a list of actions (plus ideas for who is doing the action).  You write a sentence where the action is done in a certain way / style.  Possible bonus for creativity.","creative write sentence transitivity nouns verbs writing generation bonus reward","$0.10","Tue Mar 02 16:28:41 GMT 2010","1","","86400","604800","Tue Mar 09 16:28:41 GMT 2010","40","","1FJ9IFQHI4OQ9IVWY93G8MCKD1XXHJ","AR4UI9K92BUT3","Approved","Sun Mar 07 21:07:27 GMT 2010","Sun Mar 07 21:24:15 GMT 2010","Sun Mar 14 21:24:15 GMT 2010","2010/03/14 21:26:06 +0000","","","1008","aspect_volition","<ul>

  <li> We'll show you an action (represented by a video), things that can do the
  action, and some things the action can be done to, and you'll write two
  sentences combining them together.

  <li> We're interested in how the concept of choice is expressed.  One sentence
  you write will be where the thing doing the action <b>actively chose to do the
  action</b>.  The other sentence will be where the thing doing the action
  <b>did not or cannot choose to do the action</b>.

  <li> The suggested things that can do the action or that can have the action
  done to them are ideas to get your creative juices flowing.  They came
  from other people on Mechanical Turk, so some of them might not make sense
  (nobody's perfect); if so, please ignore them.  You don't have to use the
  suggested things that can do the action or things that the action can be done
  to.  <b>The only requirement is that you use a form of the specified action
  and to have the sentence reflect that a choice is (or is not) being made.</b>

  <li> There many different reasons why sentences have actions where choices are
not being made.  For example, the thing doing the action might have done it
automatically or might be incabable of making decisions.  Here are some examples
of sentences where choices are <b>not</b> being made.

       <ul>
        <li> <i>startle</i>: The picture <i>startled</i> George
        <li> <i>forget</i>: Sarah <i>forgot</i> Joe's name
        <li> <i>wash</i>: The sidewalk was <i>washed</i> by the rain.
       </ul>

  <li> Note that we're interested in choices being made, not the motivations
  behind the choices.  If someone is forced to do something, they still
  conciously decide to do it.

  <li> Sentences where choices are being made have something can make a decision
  and does make the decision.  For example:

  <ul>

    <li> <i>startle</i>: Ed jumped out of the bushes yelling like an idiot and
    <i>startled</i> his poor sister.

    <li> <i>forget</i>: After he apologized, I decided to <i>forget</i> about
    Bill's insult.

    <li> <i>wash</i>: Joe <i>washed</i> my car in the driveway this morning.

  </ul>

  <li> It might not be possible to write a sentence with the action and
  properties as given.  If so, click the box that says ""it's not possible to
  write such a sentence.""


  <li> Please make sure your sentences make sense and that you try to answer all
  of the questions.  Incomplete or incoherent responses will be rejected.

  <li> We'll pay a bonus for particularly creative sentences (something that
  makes sense and wouldn't look out of place in a book or newspaper).

</ul>","<object width=""425"" height=""344""><param name=""movie"" value=""http://www.youtube.com/v/NuGqznSZlyE&hl=de_DE&fs=1&rel=0&color1=0x5d1719&color2=0xcd311b""></param><param name=""allowFullScreen"" value=""true""></param><param name=""allowscriptaccess"" value=""always""></param><embed src=""http://www.youtube.com/v/NuGqznSZlyE&autoplay=1&loop=1&hl=de_DE&fs=1&rel=0&color1=0x5d1719&color2=0xcd311b"" type=""application/x-shockwave-flash"" allowscriptaccess=""always"" allowfullscreen=""true"" width=""425"" height=""344""></embed></object>","<object width=""425"" height=""344""><param name=""movie"" value=""http://www.youtube.com/v/4Pv1SHHsbys&hl=de_DE&fs=1&rel=0&color1=0x5d1719&color2=0xcd311b""></param><param name=""allowFullScreen"" value=""true""></param><param name=""allowscriptaccess"" value=""always""></param><embed src=""http://www.youtube.com/v/4Pv1SHHsbys&autoplay=1&loop=1&hl=de_DE&fs=1&rel=0&color1=0x5d1719&color2=0xcd311b"" type=""application/x-shockwave-flash"" allowscriptaccess=""always"" allowfullscreen=""true"" width=""425"" height=""344""></embed></object>","<object width=""425"" height=""344""><param name=""movie"" value=""http://www.youtube.com/v/WIbHmbAzgK8&hl=de_DE&fs=1&rel=0&color1=0x5d1719&color2=0xcd311b""></param><param name=""allowFullScreen"" value=""true""></param><param name=""allowscriptaccess"" value=""always""></param><embed src=""http://www.youtube.com/v/WIbHmbAzgK8&autoplay=1&loop=1&hl=de_DE&fs=1&rel=0&color1=0x5d1719&color2=0xcd311b"" type=""application/x-shockwave-flash"" allowscriptaccess=""always"" allowfullscreen=""true"" width=""425"" height=""344""></embed></object>","<object width=""425"" height=""344""><param name=""movie"" value=""http://www.youtube.com/v/cP0aYgjt7_g&hl=de_DE&fs=1&rel=0&color1=0x5d1719&color2=0xcd311b""></param><param name=""allowFullScreen"" value=""true""></param><param name=""allowscriptaccess"" value=""always""></param><embed src=""http://www.youtube.com/v/cP0aYgjt7_g&autoplay=1&loop=1&hl=de_DE&fs=1&rel=0&color1=0x5d1719&color2=0xcd311b"" type=""application/x-shockwave-flash"" allowscriptaccess=""always"" allowfullscreen=""true"" width=""425"" height=""344""></embed></object>","<object width=""425"" height=""344""><param name=""movie"" value=""http://www.youtube.com/v/RWn9fx-Eq_Y&hl=de_DE&fs=1&rel=0&color1=0x5d1719&color2=0xcd311b""></param><param name=""allowFullScreen"" value=""true""></param><param name=""allowscriptaccess"" value=""always""></param><embed src=""http://www.youtube.com/v/RWn9fx-Eq_Y&autoplay=1&loop=1&hl=de_DE&fs=1&rel=0&color1=0x5d1719&color2=0xcd311b"" type=""application/x-shockwave-flash"" allowscriptaccess=""always"" allowfullscreen=""true"" width=""425"" height=""344""></embed></object>","work","call","leave","play","keep","Write a sentence where the thing doing the action makes a concious choice to work.","Write a sentence where the thing doing the action makes a concious choice to call.","Write a sentence where the thing doing the action makes a concious choice to leave.","Write a sentence where the thing doing the action makes a concious choice to play.","Write a sentence where the thing doing the action makes a concious choice to keep.","Write a sentence where the thing doing the action does not or cannot make a concious choice to work.","Write a sentence where the thing doing the action does not or cannot make a concious choice to call.","Write a sentence where the thing doing the action does not or cannot make a concious choice to leave.","Write a sentence where the thing doing the action does not or cannot make a concious choice to play.","Write a sentence where the thing doing the action does not or cannot make a concious choice to keep.","a man working in the laptop<br>calculator<br>computer<br>he is working<br>keyboard<br>letter<br>letters<br>memo<br>messages<br>notes<br>orders<br>printer<br>writing and drinking","cat<br>dog<br>dr. love<br>friend<br>friends<br>games<br>help<br>home<br>house<br>information<br>number<br>phone<br>relative<br>work","children<br>flag<br>friends<br>goodbye<br>here<br>home<br>husband<br>las vegas<br>people<br>pets<br>room<br>store<br>wife<br>work","cards<br>ball<br>baseball<br>basketball<br>chips<br>dolls<br>euchre<br>farm<br>fish<br>football<br>games<br>gelt<br>hopscotch<br>jump rope<br>life<br>make believe<br>money<br>people<br>sports<br>stakes","base<br>clothes<br>food<br>home<br>money<br>third","doctor<br>man<br>worker<br>working","man<br>woman<br>artist<br>businessman<br>child<br>custmer care<br>fireservice<br>friends<br>secretary<br>student<br>teacher<br>teenager<br>telecallers<br>women","friend<br>aeroplane<br>animal<br>brother<br>guest<br>it guys<br>journalists<br>mailmen<br>office workers<br>salesman<br>school kids<br>ship<br>son<br>student<br>teachers<br>train<br>visitor<br>workmate","human beings<br>anilmals<br>casino player<br>cat<br>child<br>recreational player","animals<br>human beings<br>man<br>player","","When Mary grabbed the melon in his hands, John pulled it back and clutched it to him.","John quickly assessed each card Mary played before countering with one of his own.","","John mindlessly countered each card Mary played with one from his own hand.","John waved goodbye as he left the house.","John ran from the explosion, his red scarf waving out behind him.","John phoned Mary to ask for directions to her house.","John paused his typing to take a quick drink of coffee.","","","on","on","on"
"1BR8TJAR0KD4D5EMKTFBOEJRHZQGSV","1NOCZYH76WNFVEY43IJN8DTGU1TCR7","Write Creative Sentences","We'll give you a list of actions (plus ideas for who is doing the action).  You write a sentence where the action is done in a certain way / style.  Possible bonus for creativity.","creative write sentence transitivity nouns verbs writing generation bonus reward","$0.10","Tue Mar 02 16:28:42 GMT 2010","1","","86400","604800","Tue Mar 09 16:28:42 GMT 2010","61","","1EAXUQKJOBRXPMD98EPOHCF0H43FE0","AEGUWJ3YI7YML","Approved","Thu Mar 04 04:01:13 GMT 2010","Thu Mar 04 05:09:18 GMT 2010","Thu Mar 11 05:09:18 GMT 2010","2010/03/11 05:11:05 +0000","","","4085","aspect_volition","<ul>

  <li> We'll show you an action (represented by a video), things that can do the
  action, and some things the action can be done to, and you'll write two
  sentences combining them together.

  <li> We're interested in how the concept of choice is expressed.  One sentence
  you write will be where the thing doing the action <b>actively chose to do the
  action</b>.  The other sentence will be where the thing doing the action
  <b>did not or cannot choose to do the action</b>.

  <li> The suggested things that can do the action or that can have the action
  done to them are ideas to get your creative juices flowing.  They came
  from other people on Mechanical Turk, so some of them might not make sense
  (nobody's perfect); if so, please ignore them.  You don't have to use the
  suggested things that can do the action or things that the action can be done
  to.  <b>The only requirement is that you use a form of the specified action
  and to have the sentence reflect that a choice is (or is not) being made.</b>

  <li> There many different reasons why sentences have actions where choices are
not being made.  For example, the thing doing the action might have done it
automatically or might be incabable of making decisions.  Here are some examples
of sentences where choices are <b>not</b> being made.

       <ul>
        <li> <i>startle</i>: The picture <i>startled</i> George
        <li> <i>forget</i>: Sarah <i>forgot</i> Joe's name
        <li> <i>wash</i>: The sidewalk was <i>washed</i> by the rain.
       </ul>

  <li> Note that we're interested in choices being made, not the motivations
  behind the choices.  If someone is forced to do something, they still
  conciously decide to do it.

  <li> Sentences where choices are being made have something can make a decision
  and does make the decision.  For example:

  <ul>

    <li> <i>startle</i>: Ed jumped out of the bushes yelling like an idiot and
    <i>startled</i> his poor sister.

    <li> <i>forget</i>: After he apologized, I decided to <i>forget</i> about
    Bill's insult.

    <li> <i>wash</i>: Joe <i>washed</i> my car in the driveway this morning.

  </ul>

  <li> It might not be possible to write a sentence with the action and
  properties as given.  If so, click the box that says ""it's not possible to
  write such a sentence.""


  <li> Please make sure your sentences make sense and that you try to answer all
  of the questions.  Incomplete or incoherent responses will be rejected.

  <li> We'll pay a bonus for particularly creative sentences (something that
  makes sense and wouldn't look out of place in a book or newspaper).

</ul>","<object width=""425"" height=""344""><param name=""movie"" value=""http://www.youtube.com/v/FH9ThvS4Wlw&hl=de_DE&fs=1&rel=0&color1=0x5d1719&color2=0xcd311b""></param><param name=""allowFullScreen"" value=""true""></param><param name=""allowscriptaccess"" value=""always""></param><embed src=""http://www.youtube.com/v/FH9ThvS4Wlw&autoplay=1&loop=1&hl=de_DE&fs=1&rel=0&color1=0x5d1719&color2=0xcd311b"" type=""application/x-shockwave-flash"" allowscriptaccess=""always"" allowfullscreen=""true"" width=""425"" height=""344""></embed></object>","<object width=""425"" height=""344""><param name=""movie"" value=""http://www.youtube.com/v/UhDY-uYCP_M&hl=de_DE&fs=1&rel=0&color1=0x5d1719&color2=0xcd311b""></param><param name=""allowFullScreen"" value=""true""></param><param name=""allowscriptaccess"" value=""always""></param><embed src=""http://www.youtube.com/v/UhDY-uYCP_M&autoplay=1&loop=1&hl=de_DE&fs=1&rel=0&color1=0x5d1719&color2=0xcd311b"" type=""application/x-shockwave-flash"" allowscriptaccess=""always"" allowfullscreen=""true"" width=""425"" height=""344""></embed></object>","<object width=""425"" height=""344""><param name=""movie"" value=""http://www.youtube.com/v/yGp4FNnZLDU&hl=de_DE&fs=1&rel=0&color1=0x5d1719&color2=0xcd311b""></param><param name=""allowFullScreen"" value=""true""></param><param name=""allowscriptaccess"" value=""always""></param><embed src=""http://www.youtube.com/v/yGp4FNnZLDU&autoplay=1&loop=1&hl=de_DE&fs=1&rel=0&color1=0x5d1719&color2=0xcd311b"" type=""application/x-shockwave-flash"" allowscriptaccess=""always"" allowfullscreen=""true"" width=""425"" height=""344""></embed></object>","<object width=""425"" height=""344""><param name=""movie"" value=""http://www.youtube.com/v/NTGu3XOLVpo&hl=de_DE&fs=1&rel=0&color1=0x5d1719&color2=0xcd311b""></param><param name=""allowFullScreen"" value=""true""></param><param name=""allowscriptaccess"" value=""always""></param><embed src=""http://www.youtube.com/v/NTGu3XOLVpo&autoplay=1&loop=1&hl=de_DE&fs=1&rel=0&color1=0x5d1719&color2=0xcd311b"" type=""application/x-shockwave-flash"" allowscriptaccess=""always"" allowfullscreen=""true"" width=""425"" height=""344""></embed></object>","<object width=""425"" height=""344""><param name=""movie"" value=""http://www.youtube.com/v/uKkFLRKhbSU&hl=de_DE&fs=1&rel=0&color1=0x5d1719&color2=0xcd311b""></param><param name=""allowFullScreen"" value=""true""></param><param name=""allowscriptaccess"" value=""always""></param><embed src=""http://www.youtube.com/v/uKkFLRKhbSU&autoplay=1&loop=1&hl=de_DE&fs=1&rel=0&color1=0x5d1719&color2=0xcd311b"" type=""application/x-shockwave-flash"" allowscriptaccess=""always"" allowfullscreen=""true"" width=""425"" height=""344""></embed></object>","pick","buy","wonder","eat","love","Write a sentence where the thing doing the action makes a concious choice to pick.","Write a sentence where the thing doing the action makes a concious choice to buy.","Write a sentence where the thing doing the action makes a concious choice to wonder.","Write a sentence where the thing doing the action makes a concious choice to eat.","Write a sentence where the thing doing the action makes a concious choice to love.","Write a sentence where the thing doing the action does not or cannot make a concious choice to pick.","Write a sentence where the thing doing the action does not or cannot make a concious choice to buy.","Write a sentence where the thing doing the action does not or cannot make a concious choice to wonder.","Write a sentence where the thing doing the action does not or cannot make a concious choice to eat.","Write a sentence where the thing doing the action does not or cannot make a concious choice to love.","actions<br>dinner<br>gift<br>outfit<br>price<br>priority","books<br>clothes<br>fruits<br>tickets<br>toys","cost<br>gifts<br>presents<br>prizes","food<br>pizza<br>cake<br>cereal<br>chicken<br>dessert<br>dinner<br>dog food<br>fingernails<br>medicines<br>pasta<br>pie<br>salad","chocholate<br>doors<br>hands<br>mother<br>on<br>wife","animals<br>human beings<br>college<br>customer<br>institute<br>judge<br>man","human beings<br>animals<br>bankers<br>bowler<br>homemaker<br>player<br>retailer<br>robberts<br>shop  keepers<br>wholesaler","animals<br>director<br>dog<br>human being<br>human beings<br>humans<br>monkey<br>police mans<br>reserch persons<br>roberts<br>singer<br>student","monkey<br>amitabh<br>cat<br>dog<br>kid<br>men<br>monk<br>people<br>sachin<br>sherpa<br>sportsman<br>woman<br>women","boy<br>lover<br>man<br>mother","","The boy loved his mother.","The woman ate the whole cake.","The crops loved the rain that ended the drought.","The thought of her husband cheating ate away at her.","The students wondered about their existence.","My growling stomach wondered if it would ever get some food.","The basketball player bought new shoes for the game.","The customer picked his groceries carefully.","The snow day bought Jack more time to finish his homework.","The river picks up debris as it flows to the sea.","","",""
"19TRSA0SQB8DMYMK34CB8L0FENL6IR","1NOCZYH76WNFVEY43IJN8DTGU1TCR7","Write Creative Sentences","We'll give you a list of actions (plus ideas for who is doing the action).  You write a sentence where the action is done in a certain way / style.  Possible bonus for creativity.","creative write sentence transitivity nouns verbs writing generation bonus reward","$0.10","Tue Mar 02 16:28:42 GMT 2010","1","","86400","604800","Tue Mar 09 16:28:42 GMT 2010","43","","1R08WSC40EYU82L428O4FIJFCYVWDV","A3HNT6SZG5IBCQ","Approved","Fri Mar 05 20:48:16 GMT 2010","Fri Mar 05 20:59:46 GMT 2010","Fri Mar 12 20:59:46 GMT 2010","2010/03/12 21:01:05 +0000","","","690","aspect_volition","<ul>

  <li> We'll show you an action (represented by a video), things that can do the
  action, and some things the action can be done to, and you'll write two
  sentences combining them together.

  <li> We're interested in how the concept of choice is expressed.  One sentence
  you write will be where the thing doing the action <b>actively chose to do the
  action</b>.  The other sentence will be where the thing doing the action
  <b>did not or cannot choose to do the action</b>.

  <li> The suggested things that can do the action or that can have the action
  done to them are ideas to get your creative juices flowing.  They came
  from other people on Mechanical Turk, so some of them might not make sense
  (nobody's perfect); if so, please ignore them.  You don't have to use the
  suggested things that can do the action or things that the action can be done
  to.  <b>The only requirement is that you use a form of the specified action
  and to have the sentence reflect that a choice is (or is not) being made.</b>

  <li> There many different reasons why sentences have actions where choices are
not being made.  For example, the thing doing the action might have done it
automatically or might be incabable of making decisions.  Here are some examples
of sentences where choices are <b>not</b> being made.

       <ul>
        <li> <i>startle</i>: The picture <i>startled</i> George
        <li> <i>forget</i>: Sarah <i>forgot</i> Joe's name
        <li> <i>wash</i>: The sidewalk was <i>washed</i> by the rain.
       </ul>

  <li> Note that we're interested in choices being made, not the motivations
  behind the choices.  If someone is forced to do something, they still
  conciously decide to do it.

  <li> Sentences where choices are being made have something can make a decision
  and does make the decision.  For example:

  <ul>

    <li> <i>startle</i>: Ed jumped out of the bushes yelling like an idiot and
    <i>startled</i> his poor sister.

    <li> <i>forget</i>: After he apologized, I decided to <i>forget</i> about
    Bill's insult.

    <li> <i>wash</i>: Joe <i>washed</i> my car in the driveway this morning.

  </ul>

  <li> It might not be possible to write a sentence with the action and
  properties as given.  If so, click the box that says ""it's not possible to
  write such a sentence.""


  <li> Please make sure your sentences make sense and that you try to answer all
  of the questions.  Incomplete or incoherent responses will be rejected.

  <li> We'll pay a bonus for particularly creative sentences (something that
  makes sense and wouldn't look out of place in a book or newspaper).

</ul>","<object width=""425"" height=""344""><param name=""movie"" value=""http://www.youtube.com/v/xWl8BqYqDjE&hl=de_DE&fs=1&rel=0&color1=0x5d1719&color2=0xcd311b""></param><param name=""allowFullScreen"" value=""true""></param><param name=""allowscriptaccess"" value=""always""></param><embed src=""http://www.youtube.com/v/xWl8BqYqDjE&autoplay=1&loop=1&hl=de_DE&fs=1&rel=0&color1=0x5d1719&color2=0xcd311b"" type=""application/x-shockwave-flash"" allowscriptaccess=""always"" allowfullscreen=""true"" width=""425"" height=""344""></embed></object>","<object width=""425"" height=""344""><param name=""movie"" value=""http://www.youtube.com/v/KNUPKHH4228&hl=de_DE&fs=1&rel=0&color1=0x5d1719&color2=0xcd311b""></param><param name=""allowFullScreen"" value=""true""></param><param name=""allowscriptaccess"" value=""always""></param><embed src=""http://www.youtube.com/v/KNUPKHH4228&autoplay=1&loop=1&hl=de_DE&fs=1&rel=0&color1=0x5d1719&color2=0xcd311b"" type=""application/x-shockwave-flash"" allowscriptaccess=""always"" allowfullscreen=""true"" width=""425"" height=""344""></embed></object>","<object width=""425"" height=""344""><param name=""movie"" value=""http://www.youtube.com/v/BRG5Vr4nB3A&hl=de_DE&fs=1&rel=0&color1=0x5d1719&color2=0xcd311b""></param><param name=""allowFullScreen"" value=""true""></param><param name=""allowscriptaccess"" value=""always""></param><embed src=""http://www.youtube.com/v/BRG5Vr4nB3A&autoplay=1&loop=1&hl=de_DE&fs=1&rel=0&color1=0x5d1719&color2=0xcd311b"" type=""application/x-shockwave-flash"" allowscriptaccess=""always"" allowfullscreen=""true"" width=""425"" height=""344""></embed></object>","<object width=""425"" height=""344""><param name=""movie"" value=""http://www.youtube.com/v/rpeVcs_xrww&hl=de_DE&fs=1&rel=0&color1=0x5d1719&color2=0xcd311b""></param><param name=""allowFullScreen"" value=""true""></param><param name=""allowscriptaccess"" value=""always""></param><embed src=""http://www.youtube.com/v/rpeVcs_xrww&autoplay=1&loop=1&hl=de_DE&fs=1&rel=0&color1=0x5d1719&color2=0xcd311b"" type=""application/x-shockwave-flash"" allowscriptaccess=""always"" allowfullscreen=""true"" width=""425"" height=""344""></embed></object>","<object width=""425"" height=""344""><param name=""movie"" value=""http://www.youtube.com/v/FG5y-0rEjog&hl=de_DE&fs=1&rel=0&color1=0x5d1719&color2=0xcd311b""></param><param name=""allowFullScreen"" value=""true""></param><param name=""allowscriptaccess"" value=""always""></param><embed src=""http://www.youtube.com/v/FG5y-0rEjog&autoplay=1&loop=1&hl=de_DE&fs=1&rel=0&color1=0x5d1719&color2=0xcd311b"" type=""application/x-shockwave-flash"" allowscriptaccess=""always"" allowfullscreen=""true"" width=""425"" height=""344""></embed></object>","turn","mind","see","think","bring","Write a sentence where the thing doing the action makes a concious choice to turn.","Write a sentence where the thing doing the action makes a concious choice to mind.","Write a sentence where the thing doing the action makes a concious choice to see.","Write a sentence where the thing doing the action makes a concious choice to think.","Write a sentence where the thing doing the action makes a concious choice to bring.","Write a sentence where the thing doing the action does not or cannot make a concious choice to turn.","Write a sentence where the thing doing the action does not or cannot make a concious choice to mind.","Write a sentence where the thing doing the action does not or cannot make a concious choice to see.","Write a sentence where the thing doing the action does not or cannot make a concious choice to think.","Write a sentence where the thing doing the action does not or cannot make a concious choice to bring.","balls<br>clock<br>crank<br>green<br>pages<br>record<br>red<br>rod<br>steering wheel<br>timer","baby<br>bell<br>boys<br>children<br>computer<br>dog<br>horn<br>humans<br>kids<br>men<br>music<br>people<br>phone<br>roommate<br>spouse<br>story<br>women","books<br>clothes<br>food<br>people<br>address<br>cars<br>dog<br>job<br>names<br>nudity<br>places<br>plate<br>shoes<br>tv","alone<br>elbows<br>ideas<br>knees<br>metal<br>over<br>positively<br>rubber","birthday<br>box<br>car<br>children<br>dessert<br>dinner<br>door<br>flowers<br>gift<br>gifts<br>men<br>people<br>seniors<br>smile<br>speech<br>window<br>wine<br>women","army<br>bike<br>car<br>instructer<br>teacher","animals<br>human beings<br>listner<br>speaker","animals<br>birds<br>brother<br>cats<br>cows<br>dogs<br>horses<br>humans<br>man<br>neighbor<br>people<br>pets<br>son","animals<br>artists<br>computers<br>dogs<br>dreamers<br>employee<br>husband<br>lost tourist<br>mathmaticians<br>people<br>philosopher<br>software<br>students<br>tired person<br>writers","friend<br>husband<br>aeroplane<br>brother<br>cats<br>delivery boy<br>dogs<br>family member<br>guest<br>kids<br>mentally disabed adults<br>moms<br>neighbor<br>steward/waiter<br>toddlers<br>truck<br>wife","","Betty decided to bring extra cups.","She gave it some more thought before deciding.","Seeing that picture brings back painful memories.","Under hypnosis, Dave was told to think about what happened.","Ralph wanted to see the spectacle for himself.","Jim couldn't help but see the sudden explosion before him.","Joe thought he'd better mind his manners.","He turned to head out the door.","Joe was ordered to mind his own business.","The pitching of the boat forced him to turn to one side.","","",""
"1S3YRX02JX2LXBXBOY5ZXBAP8FCY43","1NOCZYH76WNFVEY43IJN8DTGU1TCR7","Write Creative Sentences","We'll give you a list of actions (plus ideas for who is doing the action).  You write a sentence where the action is done in a certain way / style.  Possible bonus for creativity.","creative write sentence transitivity nouns verbs writing generation bonus reward","$0.10","Tue Mar 02 16:28:42 GMT 2010","1","","86400","604800","Tue Mar 09 16:28:42 GMT 2010","52","","11Q0VYA96RI171515KZJMSTLGJBD1Y","A3LU4PIR7J5PUW","Approved","Thu Mar 04 15:19:35 GMT 2010","Thu Mar 04 15:28:50 GMT 2010","Thu Mar 11 15:28:50 GMT 2010","2010/03/11 15:31:06 +0000","","","555","aspect_volition","<ul>

  <li> We'll show you an action (represented by a video), things that can do the
  action, and some things the action can be done to, and you'll write two
  sentences combining them together.

  <li> We're interested in how the concept of choice is expressed.  One sentence
  you write will be where the thing doing the action <b>actively chose to do the
  action</b>.  The other sentence will be where the thing doing the action
  <b>did not or cannot choose to do the action</b>.

  <li> The suggested things that can do the action or that can have the action
  done to them are ideas to get your creative juices flowing.  They came
  from other people on Mechanical Turk, so some of them might not make sense
  (nobody's perfect); if so, please ignore them.  You don't have to use the
  suggested things that can do the action or things that the action can be done
  to.  <b>The only requirement is that you use a form of the specified action
  and to have the sentence reflect that a choice is (or is not) being made.</b>

  <li> There many different reasons why sentences have actions where choices are
not being made.  For example, the thing doing the action might have done it
automatically or might be incabable of making decisions.  Here are some examples
of sentences where choices are <b>not</b> being made.

       <ul>
        <li> <i>startle</i>: The picture <i>startled</i> George
        <li> <i>forget</i>: Sarah <i>forgot</i> Joe's name
        <li> <i>wash</i>: The sidewalk was <i>washed</i> by the rain.
       </ul>

  <li> Note that we're interested in choices being made, not the motivations
  behind the choices.  If someone is forced to do something, they still
  conciously decide to do it.

  <li> Sentences where choices are being made have something can make a decision
  and does make the decision.  For example:

  <ul>

    <li> <i>startle</i>: Ed jumped out of the bushes yelling like an idiot and
    <i>startled</i> his poor sister.

    <li> <i>forget</i>: After he apologized, I decided to <i>forget</i> about
    Bill's insult.

    <li> <i>wash</i>: Joe <i>washed</i> my car in the driveway this morning.

  </ul>

  <li> It might not be possible to write a sentence with the action and
  properties as given.  If so, click the box that says ""it's not possible to
  write such a sentence.""


  <li> Please make sure your sentences make sense and that you try to answer all
  of the questions.  Incomplete or incoherent responses will be rejected.

  <li> We'll pay a bonus for particularly creative sentences (something that
  makes sense and wouldn't look out of place in a book or newspaper).

</ul>","<object width=""425"" height=""344""><param name=""movie"" value=""http://www.youtube.com/v/cr0MKtryoN4&hl=de_DE&fs=1&rel=0&color1=0x5d1719&color2=0xcd311b""></param><param name=""allowFullScreen"" value=""true""></param><param name=""allowscriptaccess"" value=""always""></param><embed src=""http://www.youtube.com/v/cr0MKtryoN4&autoplay=1&loop=1&hl=de_DE&fs=1&rel=0&color1=0x5d1719&color2=0xcd311b"" type=""application/x-shockwave-flash"" allowscriptaccess=""always"" allowfullscreen=""true"" width=""425"" height=""344""></embed></object>","<object width=""425"" height=""344""><param name=""movie"" value=""http://www.youtube.com/v/JlFDwgk3X1g&hl=de_DE&fs=1&rel=0&color1=0x5d1719&color2=0xcd311b""></param><param name=""allowFullScreen"" value=""true""></param><param name=""allowscriptaccess"" value=""always""></param><embed src=""http://www.youtube.com/v/JlFDwgk3X1g&autoplay=1&loop=1&hl=de_DE&fs=1&rel=0&color1=0x5d1719&color2=0xcd311b"" type=""application/x-shockwave-flash"" allowscriptaccess=""always"" allowfullscreen=""true"" width=""425"" height=""344""></embed></object>","<object width=""425"" height=""344""><param name=""movie"" value=""http://www.youtube.com/v/qEVfI6_H5cw&hl=de_DE&fs=1&rel=0&color1=0x5d1719&color2=0xcd311b""></param><param name=""allowFullScreen"" value=""true""></param><param name=""allowscriptaccess"" value=""always""></param><embed src=""http://www.youtube.com/v/qEVfI6_H5cw&autoplay=1&loop=1&hl=de_DE&fs=1&rel=0&color1=0x5d1719&color2=0xcd311b"" type=""application/x-shockwave-flash"" allowscriptaccess=""always"" allowfullscreen=""true"" width=""425"" height=""344""></embed></object>","<object width=""425"" height=""344""><param name=""movie"" value=""http://www.youtube.com/v/o4VB-4RvVaI&hl=de_DE&fs=1&rel=0&color1=0x5d1719&color2=0xcd311b""></param><param name=""allowFullScreen"" value=""true""></param><param name=""allowscriptaccess"" value=""always""></param><embed src=""http://www.youtube.com/v/o4VB-4RvVaI&autoplay=1&loop=1&hl=de_DE&fs=1&rel=0&color1=0x5d1719&color2=0xcd311b"" type=""application/x-shockwave-flash"" allowscriptaccess=""always"" allowfullscreen=""true"" width=""425"" height=""344""></embed></object>","<object width=""425"" height=""344""><param name=""movie"" value=""http://www.youtube.com/v/pGwjQqGcgJs&hl=de_DE&fs=1&rel=0&color1=0x5d1719&color2=0xcd311b""></param><param name=""allowFullScreen"" value=""true""></param><param name=""allowscriptaccess"" value=""always""></param><embed src=""http://www.youtube.com/v/pGwjQqGcgJs&autoplay=1&loop=1&hl=de_DE&fs=1&rel=0&color1=0x5d1719&color2=0xcd311b"" type=""application/x-shockwave-flash"" allowscriptaccess=""always"" allowfullscreen=""true"" width=""425"" height=""344""></embed></object>","stay","use","go","put","start","Write a sentence where the thing doing the action makes a concious choice to stay.","Write a sentence where the thing doing the action makes a concious choice to use.","Write a sentence where the thing doing the action makes a concious choice to go.","Write a sentence where the thing doing the action makes a concious choice to put.","Write a sentence where the thing doing the action makes a concious choice to start.","Write a sentence where the thing doing the action does not or cannot make a concious choice to stay.","Write a sentence where the thing doing the action does not or cannot make a concious choice to use.","Write a sentence where the thing doing the action does not or cannot make a concious choice to go.","Write a sentence where the thing doing the action does not or cannot make a concious choice to put.","Write a sentence where the thing doing the action does not or cannot make a concious choice to start.","cars<br>comments<br>motion<br>movement<br>opinions<br>time","bones<br>dishes<br>door<br>glasses<br>remote<br>tv","abroad<br>away<br>children<br>crazy<br>daughter<br>dogs<br>fast<br>fingers<br>pets<br>slow<br>son<br>spouse","a man kept the fruits in the basket<br>blame<br>calls<br>clothes<br>eye<br>food<br>foot<br>fruits<br>he is keeping/placing fruits<br>mats<br>next<br>paper<br>tableware<br>tabs","athletes<br>cars<br>clock<br>greyhounds<br>horses<br>runners","animal<br>boyfriend<br>follower<br>girl<br>girlfriend<br>man<br>men<br>people<br>police<br>rapist<br>serial killer<br>smitten person<br>spouse<br>stalker<br>woman<br>women","man<br>woman<br>boy<br>child<br>dont understand<br>girl<br>human<br>person<br>primate<br>robot","child<br>dog<br>soldier<br>actors<br>animals<br>criminals<br>discoverer<br>dogs<br>employee<br>family<br>finger<br>friend<br>hand<br>person<br>robot<br>servant<br>someone","dog<br>man<br>woman<br>ape<br>arm<br>baseball player<br>boy<br>girl<br>monkey<br>person<br>receiver<br>robot<br>truck<br>wind","athlete<br>atheletic<br>cricketer<br>deer<br>dog<br>leopard<br>prey<br>tiger","","Run like a horse.","Keep the fruits in the basket.","Donot run like a donkey.","Don't keep the fruits in the garbage.","Go, your spouse is waiting there.","Nobody is waiting there.","Tv mechanic opens the tools box.","You wait hear for sometime, I will come back.","Nothing use of cutting player screw driver etc., the box will not open without keys.","Don't wait for me.","","",""
