"HITId","HITTypeId","Title","Description","Keywords","Reward","CreationTime","MaxAssignments","RequesterAnnotation","AssignmentDurationInSeconds","AutoApprovalDelayInSeconds","Expiration","NumberOfSimilarHITs","LifetimeInSeconds","AssignmentId","WorkerId","AssignmentStatus","AcceptTime","SubmitTime","AutoApprovalTime","ApprovalTime","RejectionTime","RequesterFeedback","WorkTimeInSeconds","Input.feature","Input.instructions","Input.video0","Input.video1","Input.video2","Input.video3","Input.video4","Input.verb0","Input.verb1","Input.verb2","Input.verb3","Input.verb4","Input.prompt0a","Input.prompt1a","Input.prompt2a","Input.prompt3a","Input.prompt4a","Input.prompt0b","Input.prompt1b","Input.prompt2b","Input.prompt3b","Input.prompt4b","Input.objects0","Input.objects1","Input.objects2","Input.objects3","Input.objects4","Input.subjects0","Input.subjects1","Input.subjects2","Input.subjects3","Input.subjects4","Answer.impossible1bClicked","Answer.comments","Answer.answer4a","Answer.answer3a","Answer.answer4b","Answer.answer3b","Answer.answer2a","Answer.impossible3bClicked","Answer.answer2b","Answer.answer1a","Answer.answer0a","Answer.answer1b","Answer.answer0b","Approve","Reject"
"1XVHNOK30HSS0PZ9SPQ6TE4QZB5GQ6","1NOCZYH76WNFVEY43IJN8DTGU1TCR7","Write Creative Sentences","We'll give you a list of actions (plus ideas for who is doing the action).  You write a sentence where the action is done in a certain way / style.  Possible bonus for creativity.","creative write sentence transitivity nouns verbs writing generation bonus reward","$0.10","Tue Mar 02 16:27:00 GMT 2010","1","","86400","604800","Tue Mar 09 16:27:00 GMT 2010","37","","1JG9982UJ8WTC7KU2W6Q5ONN0IX6FC","A20T1KLGGTT4DJ","Approved","Mon Mar 08 00:30:26 GMT 2010","Mon Mar 08 00:40:13 GMT 2010","Mon Mar 15 00:40:13 GMT 2010","2010/03/15 00:41:05 +0000","","","587","affirmation","<ul>

  <li> We'll show you an action (represented by a video), things that can do the
  action, and some things the action can be done to, and you'll write two
  sentences combining them together.

  <li> We're interested in how counterfactuals are expressed.  One sentence you
  write will be where the action definitely happened.  The other sentence is
  where the action probably didn't happen.  Try to use similar words in both.

  <li> The suggested things that can do the action or that can have the action
  done to them are ideas to get your creative juices flowing.  They came from
  other people on Mechanical Turk, so some of them might not make sense
  (nobody's perfect); if so, please ignore them.  You don't have to use the
  suggested things that can do the action or things that the action can be done
  to.  <b>The only requirement is that you use a form of the specified action
  and to have the sentence reflect that the action happened (or didn't, as the
  case may be).</b>

  <li> There are a number of ways that sentences might show that an action might
  not have happened.  It could be expressing fantasy, sarcasm, doubt, or plain
  negation.  Here are some examples where the <b>action probably didn't
  happen</b>:
       <ul>
        <li> <i>kiss</i>: I dreamed about Scarlet <i>kissing</i> me all night.
        <li> <i>help</i>: The government will <i>help</i> small business when pigs fly.
        <li> <i>fix</i>: Bob was too busy to <i>fix</i> the drain like I asked him to.
       </ul>

  <li> In contrast, there should be no doubt to an average reader that the action happened in the the other sentences you write.  

  <ul>

    <li> <i>kiss</i>: I saw a movie where Scarlet <i>kissed</i> Billy Bob.

    <li> <i>help</i>: The government <i>helped</i> me buy a house with a tax credit.

    <li> <i>fix</i>: Bob <i>fixed</i> the drain like I asked him to.

  </ul>

  <li> In rare cases, it might not be possible to write a sentence with the
  action and properties as given.  If so, click the box that says ""it's not
  possible to write such a sentence.""

  <li> We're not looking for simple negation like ""the dog didn't bark"" vs. ""the
  dog barked.""  Be <b>creative</b>!

  <li> Please make sure your sentences make sense and that you try to answer all
  of the questions.  Incomplete or incoherent responses will be rejected.

  <li> We'll pay a bonus for particularly creative sentences (something that
  makes sense and wouldn't look out of place in a book or newspaper).

</ul>","<object width=""425"" height=""344""><param name=""movie"" value=""http://www.youtube.com/v/YTrlAJiJMR4&hl=de_DE&fs=1&rel=0&color1=0x5d1719&color2=0xcd311b""></param><param name=""allowFullScreen"" value=""true""></param><param name=""allowscriptaccess"" value=""always""></param><embed src=""http://www.youtube.com/v/YTrlAJiJMR4&autoplay=1&loop=1&hl=de_DE&fs=1&rel=0&color1=0x5d1719&color2=0xcd311b"" type=""application/x-shockwave-flash"" allowscriptaccess=""always"" allowfullscreen=""true"" width=""425"" height=""344""></embed></object>","<object width=""425"" height=""344""><param name=""movie"" value=""http://www.youtube.com/v/WDKvvls5D3Y&hl=de_DE&fs=1&rel=0&color1=0x5d1719&color2=0xcd311b""></param><param name=""allowFullScreen"" value=""true""></param><param name=""allowscriptaccess"" value=""always""></param><embed src=""http://www.youtube.com/v/WDKvvls5D3Y&autoplay=1&loop=1&hl=de_DE&fs=1&rel=0&color1=0x5d1719&color2=0xcd311b"" type=""application/x-shockwave-flash"" allowscriptaccess=""always"" allowfullscreen=""true"" width=""425"" height=""344""></embed></object>","<object width=""425"" height=""344""><param name=""movie"" value=""http://www.youtube.com/v/CJAsK96V-lU&hl=de_DE&fs=1&rel=0&color1=0x5d1719&color2=0xcd311b""></param><param name=""allowFullScreen"" value=""true""></param><param name=""allowscriptaccess"" value=""always""></param><embed src=""http://www.youtube.com/v/CJAsK96V-lU&autoplay=1&loop=1&hl=de_DE&fs=1&rel=0&color1=0x5d1719&color2=0xcd311b"" type=""application/x-shockwave-flash"" allowscriptaccess=""always"" allowfullscreen=""true"" width=""425"" height=""344""></embed></object>","<object width=""425"" height=""344""><param name=""movie"" value=""http://www.youtube.com/v/qB6QuxWG8mE&hl=de_DE&fs=1&rel=0&color1=0x5d1719&color2=0xcd311b""></param><param name=""allowFullScreen"" value=""true""></param><param name=""allowscriptaccess"" value=""always""></param><embed src=""http://www.youtube.com/v/qB6QuxWG8mE&autoplay=1&loop=1&hl=de_DE&fs=1&rel=0&color1=0x5d1719&color2=0xcd311b"" type=""application/x-shockwave-flash"" allowscriptaccess=""always"" allowfullscreen=""true"" width=""425"" height=""344""></embed></object>","<object width=""425"" height=""344""><param name=""movie"" value=""http://www.youtube.com/v/xWl8BqYqDjE&hl=de_DE&fs=1&rel=0&color1=0x5d1719&color2=0xcd311b""></param><param name=""allowFullScreen"" value=""true""></param><param name=""allowscriptaccess"" value=""always""></param><embed src=""http://www.youtube.com/v/xWl8BqYqDjE&autoplay=1&loop=1&hl=de_DE&fs=1&rel=0&color1=0x5d1719&color2=0xcd311b"" type=""application/x-shockwave-flash"" allowscriptaccess=""always"" allowfullscreen=""true"" width=""425"" height=""344""></embed></object>","say","like","help","pay","turn","Write a sentence where the action has definitely happened (to say).","Write a sentence where the action has definitely happened (to like).","Write a sentence where the action has definitely happened (to help).","Write a sentence where the action has definitely happened (to pay).","Write a sentence where the action has definitely happened (to turn).","Write a sentence where the action has probably not happened (to say).","Write a sentence where the action has probably not happened (to like).","Write a sentence where the action has probably not happened (to help).","Write a sentence where the action has probably not happened (to pay).","Write a sentence where the action has probably not happened (to turn).","friends<br>a man talking<br>children<br>down<br>he is telling some thing<br>lies<br>people<br>pets<br>story<br>tales<br>telephone","children<br>babies<br>friend<br>friends<br>grandparents<br>husband<br>lover<br>parents<br>relative<br>siblings<br>spouse<br>toy<br>toys<br>tree<br>wife","children<br>friends","benefit<br>gifts<br>hard time<br>keys<br>money<br>suggestions","balls<br>clock<br>crank<br>green<br>pages<br>record<br>red<br>rod<br>steering wheel<br>timer","lecturer<br>master<br>sir<br>teacher","mother<br>girl<br>woman<br>animal<br>animals<br>baby<br>boyfriend<br>child<br>children<br>father<br>friends<br>girlfriend<br>lovers<br>nurse<br>old peoples<br>parent","child<br>body builders<br>brother<br>dog<br>fire-fighter<br>fireman<br>friend<br>gentlemen<br>heroes<br>human being<br>knights<br>lifeguard<br>man<br>monkeys<br>nurse<br>policeman<br>rescuer<br>teammates<br>woman","buyer<br>seller<br>banker<br>cashier<br>child<br>man<br>men<br>people<br>woman<br>women","army<br>bike<br>car<br>instructer<br>teacher","","","The teacher turned the crank, and the slideshow began.","The banker paid hard time for his actions.","The driver did not turn the steering wheel, and went straight.","The Mechanical Turk suggester did not pay the worker for his inferior job.","The knight helped the children escape from the dragon.","","The woman didn't help the child, and let him die.","The nurse once liked a tree, but not anymore.","The teacher has told us only lies.","The father does not like his wife.","I don't believe she said I was an idiot."
"16DHIOH73I9PXM72XLQHMRRLIUC90A","1NOCZYH76WNFVEY43IJN8DTGU1TCR7","Write Creative Sentences","We'll give you a list of actions (plus ideas for who is doing the action).  You write a sentence where the action is done in a certain way / style.  Possible bonus for creativity.","creative write sentence transitivity nouns verbs writing generation bonus reward","$0.10","Tue Mar 02 16:27:00 GMT 2010","1","","86400","604800","Tue Mar 09 16:27:00 GMT 2010","43","","1GJLZJ0RIQ5FNLNLHDEJV2177HAJBG","A270SM36GUXBSE","Approved","Fri Mar 05 20:34:20 GMT 2010","Fri Mar 05 20:52:27 GMT 2010","Fri Mar 12 20:52:27 GMT 2010","2010/03/12 20:56:06 +0000","","","1087","affirmation","<ul>

  <li> We'll show you an action (represented by a video), things that can do the
  action, and some things the action can be done to, and you'll write two
  sentences combining them together.

  <li> We're interested in how counterfactuals are expressed.  One sentence you
  write will be where the action definitely happened.  The other sentence is
  where the action probably didn't happen.  Try to use similar words in both.

  <li> The suggested things that can do the action or that can have the action
  done to them are ideas to get your creative juices flowing.  They came from
  other people on Mechanical Turk, so some of them might not make sense
  (nobody's perfect); if so, please ignore them.  You don't have to use the
  suggested things that can do the action or things that the action can be done
  to.  <b>The only requirement is that you use a form of the specified action
  and to have the sentence reflect that the action happened (or didn't, as the
  case may be).</b>

  <li> There are a number of ways that sentences might show that an action might
  not have happened.  It could be expressing fantasy, sarcasm, doubt, or plain
  negation.  Here are some examples where the <b>action probably didn't
  happen</b>:
       <ul>
        <li> <i>kiss</i>: I dreamed about Scarlet <i>kissing</i> me all night.
        <li> <i>help</i>: The government will <i>help</i> small business when pigs fly.
        <li> <i>fix</i>: Bob was too busy to <i>fix</i> the drain like I asked him to.
       </ul>

  <li> In contrast, there should be no doubt to an average reader that the action happened in the the other sentences you write.  

  <ul>

    <li> <i>kiss</i>: I saw a movie where Scarlet <i>kissed</i> Billy Bob.

    <li> <i>help</i>: The government <i>helped</i> me buy a house with a tax credit.

    <li> <i>fix</i>: Bob <i>fixed</i> the drain like I asked him to.

  </ul>

  <li> In rare cases, it might not be possible to write a sentence with the
  action and properties as given.  If so, click the box that says ""it's not
  possible to write such a sentence.""

  <li> We're not looking for simple negation like ""the dog didn't bark"" vs. ""the
  dog barked.""  Be <b>creative</b>!

  <li> Please make sure your sentences make sense and that you try to answer all
  of the questions.  Incomplete or incoherent responses will be rejected.

  <li> We'll pay a bonus for particularly creative sentences (something that
  makes sense and wouldn't look out of place in a book or newspaper).

</ul>","<object width=""425"" height=""344""><param name=""movie"" value=""http://www.youtube.com/v/pGwjQqGcgJs&hl=de_DE&fs=1&rel=0&color1=0x5d1719&color2=0xcd311b""></param><param name=""allowFullScreen"" value=""true""></param><param name=""allowscriptaccess"" value=""always""></param><embed src=""http://www.youtube.com/v/pGwjQqGcgJs&autoplay=1&loop=1&hl=de_DE&fs=1&rel=0&color1=0x5d1719&color2=0xcd311b"" type=""application/x-shockwave-flash"" allowscriptaccess=""always"" allowfullscreen=""true"" width=""425"" height=""344""></embed></object>","<object width=""425"" height=""344""><param name=""movie"" value=""http://www.youtube.com/v/FH9ThvS4Wlw&hl=de_DE&fs=1&rel=0&color1=0x5d1719&color2=0xcd311b""></param><param name=""allowFullScreen"" value=""true""></param><param name=""allowscriptaccess"" value=""always""></param><embed src=""http://www.youtube.com/v/FH9ThvS4Wlw&autoplay=1&loop=1&hl=de_DE&fs=1&rel=0&color1=0x5d1719&color2=0xcd311b"" type=""application/x-shockwave-flash"" allowscriptaccess=""always"" allowfullscreen=""true"" width=""425"" height=""344""></embed></object>","<object width=""425"" height=""344""><param name=""movie"" value=""http://www.youtube.com/v/edjavtMI6Z0&hl=de_DE&fs=1&rel=0&color1=0x5d1719&color2=0xcd311b""></param><param name=""allowFullScreen"" value=""true""></param><param name=""allowscriptaccess"" value=""always""></param><embed src=""http://www.youtube.com/v/edjavtMI6Z0&autoplay=1&loop=1&hl=de_DE&fs=1&rel=0&color1=0x5d1719&color2=0xcd311b"" type=""application/x-shockwave-flash"" allowscriptaccess=""always"" allowfullscreen=""true"" width=""425"" height=""344""></embed></object>","<object width=""425"" height=""344""><param name=""movie"" value=""http://www.youtube.com/v/rpeVcs_xrww&hl=de_DE&fs=1&rel=0&color1=0x5d1719&color2=0xcd311b""></param><param name=""allowFullScreen"" value=""true""></param><param name=""allowscriptaccess"" value=""always""></param><embed src=""http://www.youtube.com/v/rpeVcs_xrww&autoplay=1&loop=1&hl=de_DE&fs=1&rel=0&color1=0x5d1719&color2=0xcd311b"" type=""application/x-shockwave-flash"" allowscriptaccess=""always"" allowfullscreen=""true"" width=""425"" height=""344""></embed></object>","<object width=""425"" height=""344""><param name=""movie"" value=""http://www.youtube.com/v/NuGqznSZlyE&hl=de_DE&fs=1&rel=0&color1=0x5d1719&color2=0xcd311b""></param><param name=""allowFullScreen"" value=""true""></param><param name=""allowscriptaccess"" value=""always""></param><embed src=""http://www.youtube.com/v/NuGqznSZlyE&autoplay=1&loop=1&hl=de_DE&fs=1&rel=0&color1=0x5d1719&color2=0xcd311b"" type=""application/x-shockwave-flash"" allowscriptaccess=""always"" allowfullscreen=""true"" width=""425"" height=""344""></embed></object>","start","pick","give","think","work","Write a sentence where the action has definitely happened (to start).","Write a sentence where the action has definitely happened (to pick).","Write a sentence where the action has definitely happened (to give).","Write a sentence where the action has definitely happened (to think).","Write a sentence where the action has definitely happened (to work).","Write a sentence where the action has probably not happened (to start).","Write a sentence where the action has probably not happened (to pick).","Write a sentence where the action has probably not happened (to give).","Write a sentence where the action has probably not happened (to think).","Write a sentence where the action has probably not happened (to work).","athletes<br>cars<br>clock<br>greyhounds<br>horses<br>runners","actions<br>dinner<br>gift<br>outfit<br>price<br>priority","books<br>clothes<br>dolls<br>food<br>fruits<br>gifts<br>ideas<br>milk<br>presents<br>self<br>shelter","alone<br>elbows<br>ideas<br>knees<br>metal<br>over<br>positively<br>rubber","a man working in the laptop<br>calculator<br>computer<br>he is working<br>keyboard<br>letter<br>letters<br>memo<br>messages<br>notes<br>orders<br>printer<br>writing and drinking","athlete<br>atheletic<br>cricketer<br>deer<br>dog<br>leopard<br>prey<br>tiger","animals<br>human beings<br>college<br>customer<br>institute<br>judge<br>man","animals<br>atm<br>human beings<br>machines<br>peon<br>seller","animals<br>artists<br>computers<br>dogs<br>dreamers<br>employee<br>husband<br>lost tourist<br>mathmaticians<br>people<br>philosopher<br>software<br>students<br>tired person<br>writers","doctor<br>man<br>worker<br>working","","This was fun :3","The doctor eyed his second patient and could tell the man was not well in any sense of the word, so he promptly got to work typing a prescription letter.","The dog pondered it over and over, his brain trying to accomplish something extraordinary; he was trying to not only think about, but understand what a metal pipe was for.","The employee leaned against the counter and decided to talk to her friends since business was slow and she didn't want to work anyways.","Computers could think of how to solve a problem, but because they are programmed, they don't need to.","The man smiled, his expression bright as he dug around in his backpack for an apple and gave it to the homeless, hungry vagrant.","","He saw the dog, its skinny, famished body all full of bones and nothing else, but he had no food to give.","Even the animals, with their keen eyes and magnified senses, were at work trying to pick out the healthiest creature for dinner.","The tiger sprung forward with vigor and determination, as if to start a race between himself and the horses that would be his next meal.","The college student thought it would be fun to go shopping and pick out a gift for his girlfriend, and decided to do so when he had more money.","My dig will eventually start running with me, but right now he's asleep."
"1K6HBZWP7Z5PJHOSSTK3MVWAYOU08C","1NOCZYH76WNFVEY43IJN8DTGU1TCR7","Write Creative Sentences","We'll give you a list of actions (plus ideas for who is doing the action).  You write a sentence where the action is done in a certain way / style.  Possible bonus for creativity.","creative write sentence transitivity nouns verbs writing generation bonus reward","$0.10","Tue Mar 02 16:27:00 GMT 2010","1","","86400","604800","Tue Mar 09 16:27:00 GMT 2010","61","","145DIZ49IZDSCQE954F6Y4EVX82GRM","A3L36T52OTVR8J","Approved","Wed Mar 03 21:32:02 GMT 2010","Thu Mar 04 00:34:48 GMT 2010","Thu Mar 11 00:34:48 GMT 2010","2010/03/11 00:36:06 +0000","","","10966","affirmation","<ul>

  <li> We'll show you an action (represented by a video), things that can do the
  action, and some things the action can be done to, and you'll write two
  sentences combining them together.

  <li> We're interested in how counterfactuals are expressed.  One sentence you
  write will be where the action definitely happened.  The other sentence is
  where the action probably didn't happen.  Try to use similar words in both.

  <li> The suggested things that can do the action or that can have the action
  done to them are ideas to get your creative juices flowing.  They came from
  other people on Mechanical Turk, so some of them might not make sense
  (nobody's perfect); if so, please ignore them.  You don't have to use the
  suggested things that can do the action or things that the action can be done
  to.  <b>The only requirement is that you use a form of the specified action
  and to have the sentence reflect that the action happened (or didn't, as the
  case may be).</b>

  <li> There are a number of ways that sentences might show that an action might
  not have happened.  It could be expressing fantasy, sarcasm, doubt, or plain
  negation.  Here are some examples where the <b>action probably didn't
  happen</b>:
       <ul>
        <li> <i>kiss</i>: I dreamed about Scarlet <i>kissing</i> me all night.
        <li> <i>help</i>: The government will <i>help</i> small business when pigs fly.
        <li> <i>fix</i>: Bob was too busy to <i>fix</i> the drain like I asked him to.
       </ul>

  <li> In contrast, there should be no doubt to an average reader that the action happened in the the other sentences you write.  

  <ul>

    <li> <i>kiss</i>: I saw a movie where Scarlet <i>kissed</i> Billy Bob.

    <li> <i>help</i>: The government <i>helped</i> me buy a house with a tax credit.

    <li> <i>fix</i>: Bob <i>fixed</i> the drain like I asked him to.

  </ul>

  <li> In rare cases, it might not be possible to write a sentence with the
  action and properties as given.  If so, click the box that says ""it's not
  possible to write such a sentence.""

  <li> We're not looking for simple negation like ""the dog didn't bark"" vs. ""the
  dog barked.""  Be <b>creative</b>!

  <li> Please make sure your sentences make sense and that you try to answer all
  of the questions.  Incomplete or incoherent responses will be rejected.

  <li> We'll pay a bonus for particularly creative sentences (something that
  makes sense and wouldn't look out of place in a book or newspaper).

</ul>","<object width=""425"" height=""344""><param name=""movie"" value=""http://www.youtube.com/v/cr0MKtryoN4&hl=de_DE&fs=1&rel=0&color1=0x5d1719&color2=0xcd311b""></param><param name=""allowFullScreen"" value=""true""></param><param name=""allowscriptaccess"" value=""always""></param><embed src=""http://www.youtube.com/v/cr0MKtryoN4&autoplay=1&loop=1&hl=de_DE&fs=1&rel=0&color1=0x5d1719&color2=0xcd311b"" type=""application/x-shockwave-flash"" allowscriptaccess=""always"" allowfullscreen=""true"" width=""425"" height=""344""></embed></object>","<object width=""425"" height=""344""><param name=""movie"" value=""http://www.youtube.com/v/FG5y-0rEjog&hl=de_DE&fs=1&rel=0&color1=0x5d1719&color2=0xcd311b""></param><param name=""allowFullScreen"" value=""true""></param><param name=""allowscriptaccess"" value=""always""></param><embed src=""http://www.youtube.com/v/FG5y-0rEjog&autoplay=1&loop=1&hl=de_DE&fs=1&rel=0&color1=0x5d1719&color2=0xcd311b"" type=""application/x-shockwave-flash"" allowscriptaccess=""always"" allowfullscreen=""true"" width=""425"" height=""344""></embed></object>","<object width=""425"" height=""344""><param name=""movie"" value=""http://www.youtube.com/v/T9k5tTLlAkg&hl=de_DE&fs=1&rel=0&color1=0x5d1719&color2=0xcd311b""></param><param name=""allowFullScreen"" value=""true""></param><param name=""allowscriptaccess"" value=""always""></param><embed src=""http://www.youtube.com/v/T9k5tTLlAkg&autoplay=1&loop=1&hl=de_DE&fs=1&rel=0&color1=0x5d1719&color2=0xcd311b"" type=""application/x-shockwave-flash"" allowscriptaccess=""always"" allowfullscreen=""true"" width=""425"" height=""344""></embed></object>","<object width=""425"" height=""344""><param name=""movie"" value=""http://www.youtube.com/v/o4VB-4RvVaI&hl=de_DE&fs=1&rel=0&color1=0x5d1719&color2=0xcd311b""></param><param name=""allowFullScreen"" value=""true""></param><param name=""allowscriptaccess"" value=""always""></param><embed src=""http://www.youtube.com/v/o4VB-4RvVaI&autoplay=1&loop=1&hl=de_DE&fs=1&rel=0&color1=0x5d1719&color2=0xcd311b"" type=""application/x-shockwave-flash"" allowscriptaccess=""always"" allowfullscreen=""true"" width=""425"" height=""344""></embed></object>","<object width=""425"" height=""344""><param name=""movie"" value=""http://www.youtube.com/v/qSu9nz-7t3c&hl=de_DE&fs=1&rel=0&color1=0x5d1719&color2=0xcd311b""></param><param name=""allowFullScreen"" value=""true""></param><param name=""allowscriptaccess"" value=""always""></param><embed src=""http://www.youtube.com/v/qSu9nz-7t3c&autoplay=1&loop=1&hl=de_DE&fs=1&rel=0&color1=0x5d1719&color2=0xcd311b"" type=""application/x-shockwave-flash"" allowscriptaccess=""always"" allowfullscreen=""true"" width=""425"" height=""344""></embed></object>","stay","bring","shut","put","get","Write a sentence where the action has definitely happened (to stay).","Write a sentence where the action has definitely happened (to bring).","Write a sentence where the action has definitely happened (to shut).","Write a sentence where the action has definitely happened (to put).","Write a sentence where the action has definitely happened (to get).","Write a sentence where the action has probably not happened (to stay).","Write a sentence where the action has probably not happened (to bring).","Write a sentence where the action has probably not happened (to shut).","Write a sentence where the action has probably not happened (to put).","Write a sentence where the action has probably not happened (to get).","cars<br>comments<br>motion<br>movement<br>opinions<br>time","birthday<br>box<br>car<br>children<br>dessert<br>dinner<br>door<br>flowers<br>gift<br>gifts<br>men<br>people<br>seniors<br>smile<br>speech<br>window<br>wine<br>women","door<br>window<br>a man locking the door<br>books<br>case<br>he is closing a door<br>mind<br>notes<br>subject<br>trunk","a man kept the fruits in the basket<br>blame<br>calls<br>clothes<br>eye<br>food<br>foot<br>fruits<br>he is keeping/placing fruits<br>mats<br>next<br>paper<br>tableware<br>tabs","books<br>chill<br>clothes<br>clothing<br>dolls<br>food<br>grass<br>ideas<br>money<br>paper<br>time","animal<br>boyfriend<br>follower<br>girl<br>girlfriend<br>man<br>men<br>people<br>police<br>rapist<br>serial killer<br>smitten person<br>spouse<br>stalker<br>woman<br>women","friend<br>husband<br>aeroplane<br>brother<br>cats<br>delivery boy<br>dogs<br>family member<br>guest<br>kids<br>mentally disabed adults<br>moms<br>neighbor<br>steward/waiter<br>toddlers<br>truck<br>wife","watchman<br>man<br>shopman","dog<br>man<br>woman<br>ape<br>arm<br>baseball player<br>boy<br>girl<br>monkey<br>person<br>receiver<br>robot<br>truck<br>wind","monkeys<br>babies<br>brother<br>cats<br>chimps<br>dogs<br>guest<br>humans<br>man<br>men<br>people<br>servant<br>visitor<br>women","","","The boy's brother got an orange to eat while he read the paper.","The boy put back two of the four fruits he took from the basket.","The man wanted to get an apple from the basket.","The boy wanted to put the fruits on a plate but had to settle for the next best thing.","The man carefully shut the door.","","The man attempted to shut out the troubles beyond his room.","The delivery boy brought her assorted packages.","The girl decidedly told her boyfriend she didn't have time for his nonsense and left.","The neighbor welcomes her company with a gratious smile even though he may have not brought the items she had asked for.","The man hopes that his comments were taken to heart and that his girlfriend would stay."
"13OIKCKQTR4D7Q3R1VBA9IISBWEOOT","1NOCZYH76WNFVEY43IJN8DTGU1TCR7","Write Creative Sentences","We'll give you a list of actions (plus ideas for who is doing the action).  You write a sentence where the action is done in a certain way / style.  Possible bonus for creativity.","creative write sentence transitivity nouns verbs writing generation bonus reward","$0.10","Tue Mar 02 16:27:00 GMT 2010","1","","86400","604800","Tue Mar 09 16:27:00 GMT 2010","35","","114JU8LXAND04QNXTLH9OL5R88OAZ5","A2U607MFZ25B7C","Approved","Mon Mar 08 18:04:37 GMT 2010","Mon Mar 08 18:07:50 GMT 2010","Mon Mar 15 18:07:50 GMT 2010","2010/03/15 18:11:05 +0000","","","193","affirmation","<ul>

  <li> We'll show you an action (represented by a video), things that can do the
  action, and some things the action can be done to, and you'll write two
  sentences combining them together.

  <li> We're interested in how counterfactuals are expressed.  One sentence you
  write will be where the action definitely happened.  The other sentence is
  where the action probably didn't happen.  Try to use similar words in both.

  <li> The suggested things that can do the action or that can have the action
  done to them are ideas to get your creative juices flowing.  They came from
  other people on Mechanical Turk, so some of them might not make sense
  (nobody's perfect); if so, please ignore them.  You don't have to use the
  suggested things that can do the action or things that the action can be done
  to.  <b>The only requirement is that you use a form of the specified action
  and to have the sentence reflect that the action happened (or didn't, as the
  case may be).</b>

  <li> There are a number of ways that sentences might show that an action might
  not have happened.  It could be expressing fantasy, sarcasm, doubt, or plain
  negation.  Here are some examples where the <b>action probably didn't
  happen</b>:
       <ul>
        <li> <i>kiss</i>: I dreamed about Scarlet <i>kissing</i> me all night.
        <li> <i>help</i>: The government will <i>help</i> small business when pigs fly.
        <li> <i>fix</i>: Bob was too busy to <i>fix</i> the drain like I asked him to.
       </ul>

  <li> In contrast, there should be no doubt to an average reader that the action happened in the the other sentences you write.  

  <ul>

    <li> <i>kiss</i>: I saw a movie where Scarlet <i>kissed</i> Billy Bob.

    <li> <i>help</i>: The government <i>helped</i> me buy a house with a tax credit.

    <li> <i>fix</i>: Bob <i>fixed</i> the drain like I asked him to.

  </ul>

  <li> In rare cases, it might not be possible to write a sentence with the
  action and properties as given.  If so, click the box that says ""it's not
  possible to write such a sentence.""

  <li> We're not looking for simple negation like ""the dog didn't bark"" vs. ""the
  dog barked.""  Be <b>creative</b>!

  <li> Please make sure your sentences make sense and that you try to answer all
  of the questions.  Incomplete or incoherent responses will be rejected.

  <li> We'll pay a bonus for particularly creative sentences (something that
  makes sense and wouldn't look out of place in a book or newspaper).

</ul>","<object width=""425"" height=""344""><param name=""movie"" value=""http://www.youtube.com/v/gli_076l3_k&hl=de_DE&fs=1&rel=0&color1=0x5d1719&color2=0xcd311b""></param><param name=""allowFullScreen"" value=""true""></param><param name=""allowscriptaccess"" value=""always""></param><embed src=""http://www.youtube.com/v/gli_076l3_k&autoplay=1&loop=1&hl=de_DE&fs=1&rel=0&color1=0x5d1719&color2=0xcd311b"" type=""application/x-shockwave-flash"" allowscriptaccess=""always"" allowfullscreen=""true"" width=""425"" height=""344""></embed></object>","<object width=""425"" height=""344""><param name=""movie"" value=""http://www.youtube.com/v/UhDY-uYCP_M&hl=de_DE&fs=1&rel=0&color1=0x5d1719&color2=0xcd311b""></param><param name=""allowFullScreen"" value=""true""></param><param name=""allowscriptaccess"" value=""always""></param><embed src=""http://www.youtube.com/v/UhDY-uYCP_M&autoplay=1&loop=1&hl=de_DE&fs=1&rel=0&color1=0x5d1719&color2=0xcd311b"" type=""application/x-shockwave-flash"" allowscriptaccess=""always"" allowfullscreen=""true"" width=""425"" height=""344""></embed></object>","<object width=""425"" height=""344""><param name=""movie"" value=""http://www.youtube.com/v/bJ1k1WfKZN0&hl=de_DE&fs=1&rel=0&color1=0x5d1719&color2=0xcd311b""></param><param name=""allowFullScreen"" value=""true""></param><param name=""allowscriptaccess"" value=""always""></param><embed src=""http://www.youtube.com/v/bJ1k1WfKZN0&autoplay=1&loop=1&hl=de_DE&fs=1&rel=0&color1=0x5d1719&color2=0xcd311b"" type=""application/x-shockwave-flash"" allowscriptaccess=""always"" allowfullscreen=""true"" width=""425"" height=""344""></embed></object>","<object width=""425"" height=""344""><param name=""movie"" value=""http://www.youtube.com/v/IU47l2qeVfE&hl=de_DE&fs=1&rel=0&color1=0x5d1719&color2=0xcd311b""></param><param name=""allowFullScreen"" value=""true""></param><param name=""allowscriptaccess"" value=""always""></param><embed src=""http://www.youtube.com/v/IU47l2qeVfE&autoplay=1&loop=1&hl=de_DE&fs=1&rel=0&color1=0x5d1719&color2=0xcd311b"" type=""application/x-shockwave-flash"" allowscriptaccess=""always"" allowfullscreen=""true"" width=""425"" height=""344""></embed></object>","<object width=""425"" height=""344""><param name=""movie"" value=""http://www.youtube.com/v/uLaWhPaEvoA&hl=de_DE&fs=1&rel=0&color1=0x5d1719&color2=0xcd311b""></param><param name=""allowFullScreen"" value=""true""></param><param name=""allowscriptaccess"" value=""always""></param><embed src=""http://www.youtube.com/v/uLaWhPaEvoA&autoplay=1&loop=1&hl=de_DE&fs=1&rel=0&color1=0x5d1719&color2=0xcd311b"" type=""application/x-shockwave-flash"" allowscriptaccess=""always"" allowfullscreen=""true"" width=""425"" height=""344""></embed></object>","let","buy","take","read","worry","Write a sentence where the action has definitely happened (to let).","Write a sentence where the action has definitely happened (to buy).","Write a sentence where the action has definitely happened (to take).","Write a sentence where the action has definitely happened (to read).","Write a sentence where the action has definitely happened (to worry).","Write a sentence where the action has probably not happened (to let).","Write a sentence where the action has probably not happened (to buy).","Write a sentence where the action has probably not happened (to take).","Write a sentence where the action has probably not happened (to read).","Write a sentence where the action has probably not happened (to worry).","children<br>people<br>elders<br>friends<br>guests<br>men<br>pets<br>subordinates<br>wife<br>women","books<br>clothes<br>fruits<br>tickets<br>toys","care<br>cars<br>dogs<br>food<br>money<br>notes","articles<br>blog<br>book<br>books<br>cars<br>colors<br>dramas<br>essays<br>instructions<br>leaves<br>letters<br>magazine<br>newspaper<br>novels<br>pages<br>stories<br>traffic lights","answers<br>employment<br>government<br>mother<br>nerves<br>offers<br>press<br>waiting<br>wondering","girl<br>lady<br>techer","human beings<br>animals<br>bankers<br>bowler<br>homemaker<br>player<br>retailer<br>robberts<br>shop  keepers<br>wholesaler","men<br>women<br>actor<br>adults<br>boy<br>boys<br>children<br>dogs<br>girls<br>man<br>monkeys<br>people<br>person<br>pupil<br>student","student<br>teacher<br>adult<br>businessman<br>child<br>instructor<br>ladies<br>man<br>oldman<br>people<br>professor<br>secretary<br>writer","animals<br>boy<br>human beings<br>scientist","","","He was nervous.","He read the book.","He waited to become a father.","He read the secrets.","He took the ball.","","He took her world.","He bought the toy.","He let her walk through.","She made him pay for his mistake.","He let her take a hike."
"1EKQE7CSZZYHTDLZCYJ8TG013B4DVN","1NOCZYH76WNFVEY43IJN8DTGU1TCR7","Write Creative Sentences","We'll give you a list of actions (plus ideas for who is doing the action).  You write a sentence where the action is done in a certain way / style.  Possible bonus for creativity.","creative write sentence transitivity nouns verbs writing generation bonus reward","$0.10","Tue Mar 02 16:27:00 GMT 2010","1","","86400","604800","Tue Mar 09 16:27:00 GMT 2010","32","","1CB1V0N6QGCQZQLJQV8D66YFXRX8TK","A1O75KLU2A1CWH","Approved","Tue Mar 09 11:14:14 GMT 2010","Tue Mar 09 11:15:52 GMT 2010","Tue Mar 16 11:15:52 GMT 2010","2010/03/16 11:16:05 +0000","","","98","affirmation","<ul>

  <li> We'll show you an action (represented by a video), things that can do the
  action, and some things the action can be done to, and you'll write two
  sentences combining them together.

  <li> We're interested in how counterfactuals are expressed.  One sentence you
  write will be where the action definitely happened.  The other sentence is
  where the action probably didn't happen.  Try to use similar words in both.

  <li> The suggested things that can do the action or that can have the action
  done to them are ideas to get your creative juices flowing.  They came from
  other people on Mechanical Turk, so some of them might not make sense
  (nobody's perfect); if so, please ignore them.  You don't have to use the
  suggested things that can do the action or things that the action can be done
  to.  <b>The only requirement is that you use a form of the specified action
  and to have the sentence reflect that the action happened (or didn't, as the
  case may be).</b>

  <li> There are a number of ways that sentences might show that an action might
  not have happened.  It could be expressing fantasy, sarcasm, doubt, or plain
  negation.  Here are some examples where the <b>action probably didn't
  happen</b>:
       <ul>
        <li> <i>kiss</i>: I dreamed about Scarlet <i>kissing</i> me all night.
        <li> <i>help</i>: The government will <i>help</i> small business when pigs fly.
        <li> <i>fix</i>: Bob was too busy to <i>fix</i> the drain like I asked him to.
       </ul>

  <li> In contrast, there should be no doubt to an average reader that the action happened in the the other sentences you write.  

  <ul>

    <li> <i>kiss</i>: I saw a movie where Scarlet <i>kissed</i> Billy Bob.

    <li> <i>help</i>: The government <i>helped</i> me buy a house with a tax credit.

    <li> <i>fix</i>: Bob <i>fixed</i> the drain like I asked him to.

  </ul>

  <li> In rare cases, it might not be possible to write a sentence with the
  action and properties as given.  If so, click the box that says ""it's not
  possible to write such a sentence.""

  <li> We're not looking for simple negation like ""the dog didn't bark"" vs. ""the
  dog barked.""  Be <b>creative</b>!

  <li> Please make sure your sentences make sense and that you try to answer all
  of the questions.  Incomplete or incoherent responses will be rejected.

  <li> We'll pay a bonus for particularly creative sentences (something that
  makes sense and wouldn't look out of place in a book or newspaper).

</ul>","<object width=""425"" height=""344""><param name=""movie"" value=""http://www.youtube.com/v/ZngDd1irhYo&hl=de_DE&fs=1&rel=0&color1=0x5d1719&color2=0xcd311b""></param><param name=""allowFullScreen"" value=""true""></param><param name=""allowscriptaccess"" value=""always""></param><embed src=""http://www.youtube.com/v/ZngDd1irhYo&autoplay=1&loop=1&hl=de_DE&fs=1&rel=0&color1=0x5d1719&color2=0xcd311b"" type=""application/x-shockwave-flash"" allowscriptaccess=""always"" allowfullscreen=""true"" width=""425"" height=""344""></embed></object>","<object width=""425"" height=""344""><param name=""movie"" value=""http://www.youtube.com/v/4Pv1SHHsbys&hl=de_DE&fs=1&rel=0&color1=0x5d1719&color2=0xcd311b""></param><param name=""allowFullScreen"" value=""true""></param><param name=""allowscriptaccess"" value=""always""></param><embed src=""http://www.youtube.com/v/4Pv1SHHsbys&autoplay=1&loop=1&hl=de_DE&fs=1&rel=0&color1=0x5d1719&color2=0xcd311b"" type=""application/x-shockwave-flash"" allowscriptaccess=""always"" allowfullscreen=""true"" width=""425"" height=""344""></embed></object>","<object width=""425"" height=""344""><param name=""movie"" value=""http://www.youtube.com/v/wnOOtW7iQoI&hl=de_DE&fs=1&rel=0&color1=0x5d1719&color2=0xcd311b""></param><param name=""allowFullScreen"" value=""true""></param><param name=""allowscriptaccess"" value=""always""></param><embed src=""http://www.youtube.com/v/wnOOtW7iQoI&autoplay=1&loop=1&hl=de_DE&fs=1&rel=0&color1=0x5d1719&color2=0xcd311b"" type=""application/x-shockwave-flash"" allowscriptaccess=""always"" allowfullscreen=""true"" width=""425"" height=""344""></embed></object>","<object width=""425"" height=""344""><param name=""movie"" value=""http://www.youtube.com/v/GYTz157gJbQ&hl=de_DE&fs=1&rel=0&color1=0x5d1719&color2=0xcd311b""></param><param name=""allowFullScreen"" value=""true""></param><param name=""allowscriptaccess"" value=""always""></param><embed src=""http://www.youtube.com/v/GYTz157gJbQ&autoplay=1&loop=1&hl=de_DE&fs=1&rel=0&color1=0x5d1719&color2=0xcd311b"" type=""application/x-shockwave-flash"" allowscriptaccess=""always"" allowfullscreen=""true"" width=""425"" height=""344""></embed></object>","<object width=""425"" height=""344""><param name=""movie"" value=""http://www.youtube.com/v/NTGu3XOLVpo&hl=de_DE&fs=1&rel=0&color1=0x5d1719&color2=0xcd311b""></param><param name=""allowFullScreen"" value=""true""></param><param name=""allowscriptaccess"" value=""always""></param><embed src=""http://www.youtube.com/v/NTGu3XOLVpo&autoplay=1&loop=1&hl=de_DE&fs=1&rel=0&color1=0x5d1719&color2=0xcd311b"" type=""application/x-shockwave-flash"" allowscriptaccess=""always"" allowfullscreen=""true"" width=""425"" height=""344""></embed></object>","remember","call","bet","need","eat","Write a sentence where the action has definitely happened (to remember).","Write a sentence where the action has definitely happened (to call).","Write a sentence where the action has definitely happened (to bet).","Write a sentence where the action has definitely happened (to need).","Write a sentence where the action has definitely happened (to eat).","Write a sentence where the action has probably not happened (to remember).","Write a sentence where the action has probably not happened (to call).","Write a sentence where the action has probably not happened (to bet).","Write a sentence where the action has probably not happened (to need).","Write a sentence where the action has probably not happened (to eat).","accounts<br>animal<br>brain<br>car<br>doors<br>house<br>human<br>locks<br>night<br>play<br>room<br>scene<br>store<br>windows<br>work","cat<br>dog<br>dr. love<br>friend<br>friends<br>games<br>help<br>home<br>house<br>information<br>number<br>phone<br>relative<br>work","cards<br>chess<br>cricket<br>football<br>games<br>hockey","food<br>water","food<br>pizza<br>cake<br>cereal<br>chicken<br>dessert<br>dinner<br>dog food<br>fingernails<br>medicines<br>pasta<br>pie<br>salad","boy<br>burglar<br>employees<br>janitor<br>locksmith<br>maintainance worker<br>people<br>police<br>security guard<br>shop<br>watchman<br>woman","man<br>woman<br>artist<br>businessman<br>child<br>custmer care<br>fireservice<br>friends<br>secretary<br>student<br>teacher<br>teenager<br>telecallers<br>women","adults<br>casinos<br>friend<br>humans<br>man<br>men<br>neighbor<br>opponent<br>sucker<br>women","man<br>athlete<br>child<br>cowboy<br>desert<br>dog<br>living things<br>man stranded in desert<br>pilgrim<br>poor people<br>prisoner<br>refugee<br>runner<br>seafarers<br>stranger<br>torture victim<br>victim<br>worker","monkey<br>amitabh<br>cat<br>dog<br>kid<br>men<br>monk<br>people<br>sachin<br>sherpa<br>sportsman<br>woman<br>women","","","The people gathered around the party table, eating pizza and joking to one another.","The man stranded in the desert grasped the cup, only to find it despairingly empty of the water he needed.","The people were anxious to eat, though the pizza seemed to be a little late in arriving.","Due to dehydration, the man stranded in the desert picked up the full cup of water, hallucinating it's existence.","His friend called, ""All in."" and bet everything on the luck of the cards.","","Tom's friend broke out in a cold sweat looking at his cards, removing his hands from the chips he had planned on betting.","The man rapidly punched in the phone number to call his agent.","The maintenance man had a moment of clarity when he remembered the combination to the door at work.","I could tell the man didn't have his phone turned on to call his agent.","I'm fairly certain the maintenance man didn't remember the correct combination to the door at work."
"1JMEGCC9CQ6BUXIOKKMB4WDRO1GY27","1NOCZYH76WNFVEY43IJN8DTGU1TCR7","Write Creative Sentences","We'll give you a list of actions (plus ideas for who is doing the action).  You write a sentence where the action is done in a certain way / style.  Possible bonus for creativity.","creative write sentence transitivity nouns verbs writing generation bonus reward","$0.10","Tue Mar 02 16:27:00 GMT 2010","1","","86400","604800","Tue Mar 09 16:27:00 GMT 2010","68","","1I0M0WOJKXLEP84U88VANJF7L6SEXD","A2I85JN62ZNGRE","Approved","Tue Mar 02 20:58:29 GMT 2010","Tue Mar 02 21:07:44 GMT 2010","Tue Mar 09 21:07:44 GMT 2010","2010/03/09 21:11:05 +0000","","","555","affirmation","<ul>

  <li> We'll show you an action (represented by a video), things that can do the
  action, and some things the action can be done to, and you'll write two
  sentences combining them together.

  <li> We're interested in how counterfactuals are expressed.  One sentence you
  write will be where the action definitely happened.  The other sentence is
  where the action probably didn't happen.  Try to use similar words in both.

  <li> The suggested things that can do the action or that can have the action
  done to them are ideas to get your creative juices flowing.  They came from
  other people on Mechanical Turk, so some of them might not make sense
  (nobody's perfect); if so, please ignore them.  You don't have to use the
  suggested things that can do the action or things that the action can be done
  to.  <b>The only requirement is that you use a form of the specified action
  and to have the sentence reflect that the action happened (or didn't, as the
  case may be).</b>

  <li> There are a number of ways that sentences might show that an action might
  not have happened.  It could be expressing fantasy, sarcasm, doubt, or plain
  negation.  Here are some examples where the <b>action probably didn't
  happen</b>:
       <ul>
        <li> <i>kiss</i>: I dreamed about Scarlet <i>kissing</i> me all night.
        <li> <i>help</i>: The government will <i>help</i> small business when pigs fly.
        <li> <i>fix</i>: Bob was too busy to <i>fix</i> the drain like I asked him to.
       </ul>

  <li> In contrast, there should be no doubt to an average reader that the action happened in the the other sentences you write.  

  <ul>

    <li> <i>kiss</i>: I saw a movie where Scarlet <i>kissed</i> Billy Bob.

    <li> <i>help</i>: The government <i>helped</i> me buy a house with a tax credit.

    <li> <i>fix</i>: Bob <i>fixed</i> the drain like I asked him to.

  </ul>

  <li> In rare cases, it might not be possible to write a sentence with the
  action and properties as given.  If so, click the box that says ""it's not
  possible to write such a sentence.""

  <li> We're not looking for simple negation like ""the dog didn't bark"" vs. ""the
  dog barked.""  Be <b>creative</b>!

  <li> Please make sure your sentences make sense and that you try to answer all
  of the questions.  Incomplete or incoherent responses will be rejected.

  <li> We'll pay a bonus for particularly creative sentences (something that
  makes sense and wouldn't look out of place in a book or newspaper).

</ul>","<object width=""425"" height=""344""><param name=""movie"" value=""http://www.youtube.com/v/yGp4FNnZLDU&hl=de_DE&fs=1&rel=0&color1=0x5d1719&color2=0xcd311b""></param><param name=""allowFullScreen"" value=""true""></param><param name=""allowscriptaccess"" value=""always""></param><embed src=""http://www.youtube.com/v/yGp4FNnZLDU&autoplay=1&loop=1&hl=de_DE&fs=1&rel=0&color1=0x5d1719&color2=0xcd311b"" type=""application/x-shockwave-flash"" allowscriptaccess=""always"" allowfullscreen=""true"" width=""425"" height=""344""></embed></object>","<object width=""425"" height=""344""><param name=""movie"" value=""http://www.youtube.com/v/lzZ2IpL7dtA&hl=de_DE&fs=1&rel=0&color1=0x5d1719&color2=0xcd311b""></param><param name=""allowFullScreen"" value=""true""></param><param name=""allowscriptaccess"" value=""always""></param><embed src=""http://www.youtube.com/v/lzZ2IpL7dtA&autoplay=1&loop=1&hl=de_DE&fs=1&rel=0&color1=0x5d1719&color2=0xcd311b"" type=""application/x-shockwave-flash"" allowscriptaccess=""always"" allowfullscreen=""true"" width=""425"" height=""344""></embed></object>","<object width=""425"" height=""344""><param name=""movie"" value=""http://www.youtube.com/v/_OCUHLuoa9g&hl=de_DE&fs=1&rel=0&color1=0x5d1719&color2=0xcd311b""></param><param name=""allowFullScreen"" value=""true""></param><param name=""allowscriptaccess"" value=""always""></param><embed src=""http://www.youtube.com/v/_OCUHLuoa9g&autoplay=1&loop=1&hl=de_DE&fs=1&rel=0&color1=0x5d1719&color2=0xcd311b"" type=""application/x-shockwave-flash"" allowscriptaccess=""always"" allowfullscreen=""true"" width=""425"" height=""344""></embed></object>","<object width=""425"" height=""344""><param name=""movie"" value=""http://www.youtube.com/v/RWn9fx-Eq_Y&hl=de_DE&fs=1&rel=0&color1=0x5d1719&color2=0xcd311b""></param><param name=""allowFullScreen"" value=""true""></param><param name=""allowscriptaccess"" value=""always""></param><embed src=""http://www.youtube.com/v/RWn9fx-Eq_Y&autoplay=1&loop=1&hl=de_DE&fs=1&rel=0&color1=0x5d1719&color2=0xcd311b"" type=""application/x-shockwave-flash"" allowscriptaccess=""always"" allowfullscreen=""true"" width=""425"" height=""344""></embed></object>","<object width=""425"" height=""344""><param name=""movie"" value=""http://www.youtube.com/v/OI0e1_Z6Rgc&hl=de_DE&fs=1&rel=0&color1=0x5d1719&color2=0xcd311b""></param><param name=""allowFullScreen"" value=""true""></param><param name=""allowscriptaccess"" value=""always""></param><embed src=""http://www.youtube.com/v/OI0e1_Z6Rgc&autoplay=1&loop=1&hl=de_DE&fs=1&rel=0&color1=0x5d1719&color2=0xcd311b"" type=""application/x-shockwave-flash"" allowscriptaccess=""always"" allowfullscreen=""true"" width=""425"" height=""344""></embed></object>","wonder","want","try","keep","feel","Write a sentence where the action has definitely happened (to wonder).","Write a sentence where the action has definitely happened (to want).","Write a sentence where the action has definitely happened (to try).","Write a sentence where the action has definitely happened (to keep).","Write a sentence where the action has definitely happened (to feel).","Write a sentence where the action has probably not happened (to wonder).","Write a sentence where the action has probably not happened (to want).","Write a sentence where the action has probably not happened (to try).","Write a sentence where the action has probably not happened (to keep).","Write a sentence where the action has probably not happened (to feel).","cost<br>gifts<br>presents<br>prizes","cars<br>children<br>friends<br>music<br>parents<br>pets","attempt<br>back<br>basket<br>box<br>boxees<br>car<br>carrots<br>child<br>corn<br>fridge<br>furniture<br>groceries<br>hamstring<br>mission<br>patience<br>peas<br>quest<br>speakers<br>suitcase<br>task<br>tools<br>vegetables<br>weights","base<br>clothes<br>food<br>home<br>money<br>third","children<br>crowd<br>elders<br>emotion<br>friend<br>game<br>idol<br>love<br>men<br>outcome<br>pain<br>people<br>sorrow<br>women","animals<br>director<br>dog<br>human being<br>human beings<br>humans<br>monkey<br>police mans<br>reserch persons<br>roberts<br>singer<br>student","dog<br>bear<br>beggar<br>bird<br>cat<br>guy<br>hyena<br>man","boy<br>crane<br>dog<br>elephant<br>father<br>girl<br>horse<br>jack<br>machine<br>man<br>monkey<br>mother<br>person<br>pulley<br>robot<br>woman<br>wrestler","animals<br>human beings<br>man<br>player","pets<br>babies<br>children<br>dog<br>friend<br>humans<br>husband<br>lover<br>me<br>people<br>you","","The instructions are not to clear not sure if I understood them or not.I hope I did but why does it have this (to feel) if the action is feel?Not to clear why that is there like that.","He did feel bad about whipping the child.","The boy and the dog were playing keep away.","He will feel bad if he whips his child.","When the boy and the dog get to the park this afternoon, they will play keep away.","The man did try to lift the heavy tools.","","Tomorrow he will try to lift the heavy tools.","He saw the doughnuts in the store and he went in and said,""I want a chocolate one"".","The girl did wonder what was in the box.","If he sees the doughnuts in the store he will want one.","The girl will wonder what is in the box."
"15KLJ4ZCR5KPAT1RNN60HP5K0T5JIA","1NOCZYH76WNFVEY43IJN8DTGU1TCR7","Write Creative Sentences","We'll give you a list of actions (plus ideas for who is doing the action).  You write a sentence where the action is done in a certain way / style.  Possible bonus for creativity.","creative write sentence transitivity nouns verbs writing generation bonus reward","$0.10","Tue Mar 02 16:27:00 GMT 2010","1","","86400","604800","Tue Mar 09 16:27:00 GMT 2010","52","","1EYU7HUBJE7VRJQG3YKKNN3TL5TVX6","A3LU4PIR7J5PUW","Approved","Thu Mar 04 15:10:08 GMT 2010","Thu Mar 04 15:19:34 GMT 2010","Thu Mar 11 15:19:34 GMT 2010","2010/03/11 15:21:05 +0000","","","566","affirmation","<ul>

  <li> We'll show you an action (represented by a video), things that can do the
  action, and some things the action can be done to, and you'll write two
  sentences combining them together.

  <li> We're interested in how counterfactuals are expressed.  One sentence you
  write will be where the action definitely happened.  The other sentence is
  where the action probably didn't happen.  Try to use similar words in both.

  <li> The suggested things that can do the action or that can have the action
  done to them are ideas to get your creative juices flowing.  They came from
  other people on Mechanical Turk, so some of them might not make sense
  (nobody's perfect); if so, please ignore them.  You don't have to use the
  suggested things that can do the action or things that the action can be done
  to.  <b>The only requirement is that you use a form of the specified action
  and to have the sentence reflect that the action happened (or didn't, as the
  case may be).</b>

  <li> There are a number of ways that sentences might show that an action might
  not have happened.  It could be expressing fantasy, sarcasm, doubt, or plain
  negation.  Here are some examples where the <b>action probably didn't
  happen</b>:
       <ul>
        <li> <i>kiss</i>: I dreamed about Scarlet <i>kissing</i> me all night.
        <li> <i>help</i>: The government will <i>help</i> small business when pigs fly.
        <li> <i>fix</i>: Bob was too busy to <i>fix</i> the drain like I asked him to.
       </ul>

  <li> In contrast, there should be no doubt to an average reader that the action happened in the the other sentences you write.  

  <ul>

    <li> <i>kiss</i>: I saw a movie where Scarlet <i>kissed</i> Billy Bob.

    <li> <i>help</i>: The government <i>helped</i> me buy a house with a tax credit.

    <li> <i>fix</i>: Bob <i>fixed</i> the drain like I asked him to.

  </ul>

  <li> In rare cases, it might not be possible to write a sentence with the
  action and properties as given.  If so, click the box that says ""it's not
  possible to write such a sentence.""

  <li> We're not looking for simple negation like ""the dog didn't bark"" vs. ""the
  dog barked.""  Be <b>creative</b>!

  <li> Please make sure your sentences make sense and that you try to answer all
  of the questions.  Incomplete or incoherent responses will be rejected.

  <li> We'll pay a bonus for particularly creative sentences (something that
  makes sense and wouldn't look out of place in a book or newspaper).

</ul>","<object width=""425"" height=""344""><param name=""movie"" value=""http://www.youtube.com/v/rizYYWVssyo&hl=de_DE&fs=1&rel=0&color1=0x5d1719&color2=0xcd311b""></param><param name=""allowFullScreen"" value=""true""></param><param name=""allowscriptaccess"" value=""always""></param><embed src=""http://www.youtube.com/v/rizYYWVssyo&autoplay=1&loop=1&hl=de_DE&fs=1&rel=0&color1=0x5d1719&color2=0xcd311b"" type=""application/x-shockwave-flash"" allowscriptaccess=""always"" allowfullscreen=""true"" width=""425"" height=""344""></embed></object>","<object width=""425"" height=""344""><param name=""movie"" value=""http://www.youtube.com/v/qEVfI6_H5cw&hl=de_DE&fs=1&rel=0&color1=0x5d1719&color2=0xcd311b""></param><param name=""allowFullScreen"" value=""true""></param><param name=""allowscriptaccess"" value=""always""></param><embed src=""http://www.youtube.com/v/qEVfI6_H5cw&autoplay=1&loop=1&hl=de_DE&fs=1&rel=0&color1=0x5d1719&color2=0xcd311b"" type=""application/x-shockwave-flash"" allowscriptaccess=""always"" allowfullscreen=""true"" width=""425"" height=""344""></embed></object>","<object width=""425"" height=""344""><param name=""movie"" value=""http://www.youtube.com/v/ZWiZiUsba2E&hl=de_DE&fs=1&rel=0&color1=0x5d1719&color2=0xcd311b""></param><param name=""allowFullScreen"" value=""true""></param><param name=""allowscriptaccess"" value=""always""></param><embed src=""http://www.youtube.com/v/ZWiZiUsba2E&autoplay=1&loop=1&hl=de_DE&fs=1&rel=0&color1=0x5d1719&color2=0xcd311b"" type=""application/x-shockwave-flash"" allowscriptaccess=""always"" allowfullscreen=""true"" width=""425"" height=""344""></embed></object>","<object width=""425"" height=""344""><param name=""movie"" value=""http://www.youtube.com/v/5jwjqt_S0aE&hl=de_DE&fs=1&rel=0&color1=0x5d1719&color2=0xcd311b""></param><param name=""allowFullScreen"" value=""true""></param><param name=""allowscriptaccess"" value=""always""></param><embed src=""http://www.youtube.com/v/5jwjqt_S0aE&autoplay=1&loop=1&hl=de_DE&fs=1&rel=0&color1=0x5d1719&color2=0xcd311b"" type=""application/x-shockwave-flash"" allowscriptaccess=""always"" allowfullscreen=""true"" width=""425"" height=""344""></embed></object>","<object width=""425"" height=""344""><param name=""movie"" value=""http://www.youtube.com/v/BaFOgFs7cDQ&hl=de_DE&fs=1&rel=0&color1=0x5d1719&color2=0xcd311b""></param><param name=""allowFullScreen"" value=""true""></param><param name=""allowscriptaccess"" value=""always""></param><embed src=""http://www.youtube.com/v/BaFOgFs7cDQ&autoplay=1&loop=1&hl=de_DE&fs=1&rel=0&color1=0x5d1719&color2=0xcd311b"" type=""application/x-shockwave-flash"" allowscriptaccess=""always"" allowfullscreen=""true"" width=""425"" height=""344""></embed></object>","hope","go","hear","make","write","Write a sentence where the action has definitely happened (to hope).","Write a sentence where the action has definitely happened (to go).","Write a sentence where the action has definitely happened (to hear).","Write a sentence where the action has definitely happened (to make).","Write a sentence where the action has definitely happened (to write).","Write a sentence where the action has probably not happened (to hope).","Write a sentence where the action has probably not happened (to go).","Write a sentence where the action has probably not happened (to hear).","Write a sentence where the action has probably not happened (to make).","Write a sentence where the action has probably not happened (to write).","god<br>allah<br>answer<br>buddha<br>higher power<br>hope<br>jesus<br>men<br>mercy<br>people<br>prayer<br>rain<br>reply<br>self<br>winning<br>women","abroad<br>away<br>children<br>crazy<br>daughter<br>dogs<br>fast<br>fingers<br>pets<br>slow<br>son<br>spouse","footsteps<br>noises<br>sounds<br>suggestions<br>voices<br>whispers","blanket<br>clothes<br>paper","letters<br>lists<br>memos<br>novels<br>songs<br>stories","mother<br>priest<br>boyfriend<br>child<br>church-goer<br>desperate person<br>devout<br>father<br>fathers<br>girlfriend<br>man<br>minister<br>monkey<br>nun<br>player<br>sisters<br>students","child<br>dog<br>soldier<br>actors<br>animals<br>criminals<br>discoverer<br>dogs<br>employee<br>family<br>finger<br>friend<br>hand<br>person<br>robot<br>servant<br>someone","audience<br>church-goers<br>customer<br>judge<br>student<br>students","boy<br>craftsmen<br>girl<br>hammer<br>machine<br>man<br>paper artist<br>people<br>person<br>woman","man<br>woman<br>bird<br>boy<br>cd/dvd writer<br>elephant<br>girl<br>monkey<br>person<br>primate<br>printer<br>reporter<br>shakesphere<br>student","","","He is writing a story.","Take a peice of paper and make a rocket.","he is acting like writing.","rocket cannot made by paper.","He is hearing some thing from God.","","Nothing can hear me.","Oh, go their and ask to God.","oh God, please help me from this .","He did not went anywhere.","Nobody will not help me."
"1BVDIZ49IZDSCQE954F6Y4EVVX7GR7","1NOCZYH76WNFVEY43IJN8DTGU1TCR7","Write Creative Sentences","We'll give you a list of actions (plus ideas for who is doing the action).  You write a sentence where the action is done in a certain way / style.  Possible bonus for creativity.","creative write sentence transitivity nouns verbs writing generation bonus reward","$0.10","Tue Mar 02 16:27:00 GMT 2010","1","","86400","604800","Tue Mar 09 16:27:00 GMT 2010","9","","1A851BQBNSDERXZV34EYHG3MHWLFVF","A33J4SSJGN076U","Approved","Tue Mar 02 16:41:55 GMT 2010","Tue Mar 02 16:46:43 GMT 2010","Tue Mar 09 16:46:43 GMT 2010","2010/03/09 16:51:06 +0000","","","288","affirmation","<ul>

  <li> We'll show you an action (represented by a video), things that can do the
  action, and some things the action can be done to, and you'll write two
  sentences combining them together.

  <li> We're interested in how counterfactuals are expressed.  One sentence you
  write will be where the action definitely happened.  The other sentence is
  where the action probably didn't happen.  Try to use similar words in both.

  <li> The suggested things that can do the action or that can have the action
  done to them are ideas to get your creative juices flowing.  They came from
  other people on Mechanical Turk, so some of them might not make sense
  (nobody's perfect); if so, please ignore them.  You don't have to use the
  suggested things that can do the action or things that the action can be done
  to.  <b>The only requirement is that you use a form of the specified action
  and to have the sentence reflect that the action happened (or didn't, as the
  case may be).</b>

  <li> There are a number of ways that sentences might show that an action might
  not have happened.  It could be expressing fantasy, sarcasm, doubt, or plain
  negation.  Here are some examples where the <b>action probably didn't
  happen</b>:
       <ul>
        <li> <i>kiss</i>: I dreamed about Scarlet <i>kissing</i> me all night.
        <li> <i>help</i>: The government will <i>help</i> small business when pigs fly.
        <li> <i>fix</i>: Bob was too busy to <i>fix</i> the drain like I asked him to.
       </ul>

  <li> In contrast, there should be no doubt to an average reader that the action happened in the the other sentences you write.  

  <ul>

    <li> <i>kiss</i>: I saw a movie where Scarlet <i>kissed</i> Billy Bob.

    <li> <i>help</i>: The government <i>helped</i> me buy a house with a tax credit.

    <li> <i>fix</i>: Bob <i>fixed</i> the drain like I asked him to.

  </ul>

  <li> In rare cases, it might not be possible to write a sentence with the
  action and properties as given.  If so, click the box that says ""it's not
  possible to write such a sentence.""

  <li> We're not looking for simple negation like ""the dog didn't bark"" vs. ""the
  dog barked.""  Be <b>creative</b>!

  <li> Please make sure your sentences make sense and that you try to answer all
  of the questions.  Incomplete or incoherent responses will be rejected.

  <li> We'll pay a bonus for particularly creative sentences (something that
  makes sense and wouldn't look out of place in a book or newspaper).

</ul>","<object width=""425"" height=""344""><param name=""movie"" value=""http://www.youtube.com/v/BRG5Vr4nB3A&hl=de_DE&fs=1&rel=0&color1=0x5d1719&color2=0xcd311b""></param><param name=""allowFullScreen"" value=""true""></param><param name=""allowscriptaccess"" value=""always""></param><embed src=""http://www.youtube.com/v/BRG5Vr4nB3A&autoplay=1&loop=1&hl=de_DE&fs=1&rel=0&color1=0x5d1719&color2=0xcd311b"" type=""application/x-shockwave-flash"" allowscriptaccess=""always"" allowfullscreen=""true"" width=""425"" height=""344""></embed></object>","<object width=""425"" height=""344""><param name=""movie"" value=""http://www.youtube.com/v/WIbHmbAzgK8&hl=de_DE&fs=1&rel=0&color1=0x5d1719&color2=0xcd311b""></param><param name=""allowFullScreen"" value=""true""></param><param name=""allowscriptaccess"" value=""always""></param><embed src=""http://www.youtube.com/v/WIbHmbAzgK8&autoplay=1&loop=1&hl=de_DE&fs=1&rel=0&color1=0x5d1719&color2=0xcd311b"" type=""application/x-shockwave-flash"" allowscriptaccess=""always"" allowfullscreen=""true"" width=""425"" height=""344""></embed></object>","<object width=""425"" height=""344""><param name=""movie"" value=""http://www.youtube.com/v/JlFDwgk3X1g&hl=de_DE&fs=1&rel=0&color1=0x5d1719&color2=0xcd311b""></param><param name=""allowFullScreen"" value=""true""></param><param name=""allowscriptaccess"" value=""always""></param><embed src=""http://www.youtube.com/v/JlFDwgk3X1g&autoplay=1&loop=1&hl=de_DE&fs=1&rel=0&color1=0x5d1719&color2=0xcd311b"" type=""application/x-shockwave-flash"" allowscriptaccess=""always"" allowfullscreen=""true"" width=""425"" height=""344""></embed></object>","<object width=""425"" height=""344""><param name=""movie"" value=""http://www.youtube.com/v/nLzt8gtXMCI&hl=de_DE&fs=1&rel=0&color1=0x5d1719&color2=0xcd311b""></param><param name=""allowFullScreen"" value=""true""></param><param name=""allowscriptaccess"" value=""always""></param><embed src=""http://www.youtube.com/v/nLzt8gtXMCI&autoplay=1&loop=1&hl=de_DE&fs=1&rel=0&color1=0x5d1719&color2=0xcd311b"" type=""application/x-shockwave-flash"" allowscriptaccess=""always"" allowfullscreen=""true"" width=""425"" height=""344""></embed></object>","<object width=""425"" height=""344""><param name=""movie"" value=""http://www.youtube.com/v/lYM3w1t4YA4&hl=de_DE&fs=1&rel=0&color1=0x5d1719&color2=0xcd311b""></param><param name=""allowFullScreen"" value=""true""></param><param name=""allowscriptaccess"" value=""always""></param><embed src=""http://www.youtube.com/v/lYM3w1t4YA4&autoplay=1&loop=1&hl=de_DE&fs=1&rel=0&color1=0x5d1719&color2=0xcd311b"" type=""application/x-shockwave-flash"" allowscriptaccess=""always"" allowfullscreen=""true"" width=""425"" height=""344""></embed></object>","see","leave","use","thank","look","Write a sentence where the action has definitely happened (to see).","Write a sentence where the action has definitely happened (to leave).","Write a sentence where the action has definitely happened (to use).","Write a sentence where the action has definitely happened (to thank).","Write a sentence where the action has definitely happened (to look).","Write a sentence where the action has probably not happened (to see).","Write a sentence where the action has probably not happened (to leave).","Write a sentence where the action has probably not happened (to use).","Write a sentence where the action has probably not happened (to thank).","Write a sentence where the action has probably not happened (to look).","books<br>clothes<br>food<br>people<br>address<br>cars<br>dog<br>job<br>names<br>nudity<br>places<br>plate<br>shoes<br>tv","children<br>flag<br>friends<br>goodbye<br>here<br>home<br>husband<br>las vegas<br>people<br>pets<br>room<br>store<br>wife<br>work","bones<br>dishes<br>door<br>glasses<br>remote<br>tv","books<br>clothes<br>drinks<br>food<br>friends<br>gifts<br>people<br>relatives<br>toys","address<br>child<br>eyes<br>friend<br>home<br>people<br>someone<br>taxi","animals<br>birds<br>brother<br>cats<br>cows<br>dogs<br>horses<br>humans<br>man<br>neighbor<br>people<br>pets<br>son","friend<br>aeroplane<br>animal<br>brother<br>guest<br>it guys<br>journalists<br>mailmen<br>office workers<br>salesman<br>school kids<br>ship<br>son<br>student<br>teachers<br>train<br>visitor<br>workmate","man<br>woman<br>boy<br>child<br>dont understand<br>girl<br>human<br>person<br>primate<br>robot","children<br>men<br>women<br>adults<br>boyfriend<br>grandson<br>husband<br>lover<br>people<br>son<br>student<br>students","children<br>men<br>women<br>adults<br>animals<br>boy<br>father<br>man<br>monkeys<br>people<br>person<br>son","on","","The young man is peering into the distance for someone or something.","The young man received a wrapped gift and is bowing his thanks to someone not visible.","The young man cannot find anybody or anything.","","The man is trying to open up a hinged box with a screwdriver and saw.","on","The man was not able to open the hinged box.","The young man put the backpack on his shoulder and waved goodbye.","The young man saw the cookie on the plate and seemed to be smelling it.","","The young man did not eat the cookie on the plate."
"1LOO03AL5ZH9JX38C1BCSR12WUOR7F","1NOCZYH76WNFVEY43IJN8DTGU1TCR7","Write Creative Sentences","We'll give you a list of actions (plus ideas for who is doing the action).  You write a sentence where the action is done in a certain way / style.  Possible bonus for creativity.","creative write sentence transitivity nouns verbs writing generation bonus reward","$0.10","Tue Mar 02 16:27:00 GMT 2010","1","","86400","604800","Tue Mar 09 16:27:00 GMT 2010","42","","18X8L9K519SZSAKGCHPFXVF409XXCF","AR4UI9K92BUT3","Approved","Sun Mar 07 22:16:07 GMT 2010","Sun Mar 07 22:29:53 GMT 2010","Sun Mar 14 22:29:53 GMT 2010","2010/03/14 22:31:06 +0000","","","826","affirmation","<ul>

  <li> We'll show you an action (represented by a video), things that can do the
  action, and some things the action can be done to, and you'll write two
  sentences combining them together.

  <li> We're interested in how counterfactuals are expressed.  One sentence you
  write will be where the action definitely happened.  The other sentence is
  where the action probably didn't happen.  Try to use similar words in both.

  <li> The suggested things that can do the action or that can have the action
  done to them are ideas to get your creative juices flowing.  They came from
  other people on Mechanical Turk, so some of them might not make sense
  (nobody's perfect); if so, please ignore them.  You don't have to use the
  suggested things that can do the action or things that the action can be done
  to.  <b>The only requirement is that you use a form of the specified action
  and to have the sentence reflect that the action happened (or didn't, as the
  case may be).</b>

  <li> There are a number of ways that sentences might show that an action might
  not have happened.  It could be expressing fantasy, sarcasm, doubt, or plain
  negation.  Here are some examples where the <b>action probably didn't
  happen</b>:
       <ul>
        <li> <i>kiss</i>: I dreamed about Scarlet <i>kissing</i> me all night.
        <li> <i>help</i>: The government will <i>help</i> small business when pigs fly.
        <li> <i>fix</i>: Bob was too busy to <i>fix</i> the drain like I asked him to.
       </ul>

  <li> In contrast, there should be no doubt to an average reader that the action happened in the the other sentences you write.  

  <ul>

    <li> <i>kiss</i>: I saw a movie where Scarlet <i>kissed</i> Billy Bob.

    <li> <i>help</i>: The government <i>helped</i> me buy a house with a tax credit.

    <li> <i>fix</i>: Bob <i>fixed</i> the drain like I asked him to.

  </ul>

  <li> In rare cases, it might not be possible to write a sentence with the
  action and properties as given.  If so, click the box that says ""it's not
  possible to write such a sentence.""

  <li> We're not looking for simple negation like ""the dog didn't bark"" vs. ""the
  dog barked.""  Be <b>creative</b>!

  <li> Please make sure your sentences make sense and that you try to answer all
  of the questions.  Incomplete or incoherent responses will be rejected.

  <li> We'll pay a bonus for particularly creative sentences (something that
  makes sense and wouldn't look out of place in a book or newspaper).

</ul>","<object width=""425"" height=""344""><param name=""movie"" value=""http://www.youtube.com/v/nS82N8sT8B8&hl=de_DE&fs=1&rel=0&color1=0x5d1719&color2=0xcd311b""></param><param name=""allowFullScreen"" value=""true""></param><param name=""allowscriptaccess"" value=""always""></param><embed src=""http://www.youtube.com/v/nS82N8sT8B8&autoplay=1&loop=1&hl=de_DE&fs=1&rel=0&color1=0x5d1719&color2=0xcd311b"" type=""application/x-shockwave-flash"" allowscriptaccess=""always"" allowfullscreen=""true"" width=""425"" height=""344""></embed></object>","<object width=""425"" height=""344""><param name=""movie"" value=""http://www.youtube.com/v/BtpghexY4fo&hl=de_DE&fs=1&rel=0&color1=0x5d1719&color2=0xcd311b""></param><param name=""allowFullScreen"" value=""true""></param><param name=""allowscriptaccess"" value=""always""></param><embed src=""http://www.youtube.com/v/BtpghexY4fo&autoplay=1&loop=1&hl=de_DE&fs=1&rel=0&color1=0x5d1719&color2=0xcd311b"" type=""application/x-shockwave-flash"" allowscriptaccess=""always"" allowfullscreen=""true"" width=""425"" height=""344""></embed></object>","<object width=""425"" height=""344""><param name=""movie"" value=""http://www.youtube.com/v/KNUPKHH4228&hl=de_DE&fs=1&rel=0&color1=0x5d1719&color2=0xcd311b""></param><param name=""allowFullScreen"" value=""true""></param><param name=""allowscriptaccess"" value=""always""></param><embed src=""http://www.youtube.com/v/KNUPKHH4228&autoplay=1&loop=1&hl=de_DE&fs=1&rel=0&color1=0x5d1719&color2=0xcd311b"" type=""application/x-shockwave-flash"" allowscriptaccess=""always"" allowfullscreen=""true"" width=""425"" height=""344""></embed></object>","<object width=""425"" height=""344""><param name=""movie"" value=""http://www.youtube.com/v/cP0aYgjt7_g&hl=de_DE&fs=1&rel=0&color1=0x5d1719&color2=0xcd311b""></param><param name=""allowFullScreen"" value=""true""></param><param name=""allowscriptaccess"" value=""always""></param><embed src=""http://www.youtube.com/v/cP0aYgjt7_g&autoplay=1&loop=1&hl=de_DE&fs=1&rel=0&color1=0x5d1719&color2=0xcd311b"" type=""application/x-shockwave-flash"" allowscriptaccess=""always"" allowfullscreen=""true"" width=""425"" height=""344""></embed></object>","<object width=""425"" height=""344""><param name=""movie"" value=""http://www.youtube.com/v/kztPk06Eg7M&hl=de_DE&fs=1&rel=0&color1=0x5d1719&color2=0xcd311b""></param><param name=""allowFullScreen"" value=""true""></param><param name=""allowscriptaccess"" value=""always""></param><embed src=""http://www.youtube.com/v/kztPk06Eg7M&autoplay=1&loop=1&hl=de_DE&fs=1&rel=0&color1=0x5d1719&color2=0xcd311b"" type=""application/x-shockwave-flash"" allowscriptaccess=""always"" allowfullscreen=""true"" width=""425"" height=""344""></embed></object>","sit","stop","mind","play","know","Write a sentence where the action has definitely happened (to sit).","Write a sentence where the action has definitely happened (to stop).","Write a sentence where the action has definitely happened (to mind).","Write a sentence where the action has definitely happened (to play).","Write a sentence where the action has definitely happened (to know).","Write a sentence where the action has probably not happened (to sit).","Write a sentence where the action has probably not happened (to stop).","Write a sentence where the action has probably not happened (to mind).","Write a sentence where the action has probably not happened (to play).","Write a sentence where the action has probably not happened (to know).","car<br>above<br>butt<br>chair<br>couch<br>down<br>floor<br>inside<br>on<br>outside","car<br>time<br>train<br>animal<br>bus<br>children<br>clock<br>cycle<br>dinner<br>movement<br>people<br>person<br>truck","baby<br>bell<br>boys<br>children<br>computer<br>dog<br>horn<br>humans<br>kids<br>men<br>music<br>people<br>phone<br>roommate<br>spouse<br>story<br>women","cards<br>ball<br>baseball<br>basketball<br>chips<br>dolls<br>euchre<br>farm<br>fish<br>football<br>games<br>gelt<br>hopscotch<br>jump rope<br>life<br>make believe<br>money<br>people<br>sports<br>stakes","animals<br>children<br>ideas<br>men<br>people<br>plan<br>plots<br>thoughts<br>women","child<br>gorillas<br>judge<br>man<br>monkeys<br>people<br>president<br>salman khan<br>teacher<br>woman","children<br>men<br>actor<br>adults<br>boy<br>boys<br>dogs<br>girls<br>man<br>monkeys<br>people<br>son<br>student<br>women","animals<br>human beings<br>listner<br>speaker","human beings<br>anilmals<br>casino player<br>cat<br>child<br>recreational player","student<br>lady<br>lawyer<br>president<br>pupil","","Fun!","He knew what had happened as soon as he heard the dog barking.","John quickly and skillfully played his cards with an unreadable poker face.","She longed to know what had ever become of him.","She played with his feelings for her.","I minded the sound of incessant humming bother me so much I couldn't stay in the same room with her.","","They had been married for years and he didn't seem to mind her incessant humming.","He stopped in his tracks when he heard her voice.","He threw himself into the chair so forcefully I thought both he and the chair would end up on the floor.","There is no stopping him when he wants something.","He sat on his heels so long, playing it safe and waiting for something to happen that life passed him by."
