objects,subjects,verb,video,prompt0,prompt1,prompt2,prompt3,prompt4,value0,value1,value2,value3,value4,type0,type1,type2,type3,type4
chocholate<br>doors<br>hands<br>mother<br>on<br>wife,boy<br>lover<br>man<br>mother,love,"<object width=""425"" height=""344""><param name=""movie"" value=""http://www.youtube.com/v/uKkFLRKhbSU&hl=de_DE&fs=1&rel=0&color1=0x5d1719&color2=0xcd311b""></param><param name=""allowFullScreen"" value=""true""></param><param name=""allowscriptaccess"" value=""always""></param><embed src=""http://www.youtube.com/v/uKkFLRKhbSU&autoplay=1&loop=1&hl=de_DE&fs=1&rel=0&color1=0x5d1719&color2=0xcd311b"" type=""application/x-shockwave-flash"" allowscriptaccess=""always"" allowfullscreen=""true"" width=""425"" height=""344""></embed></object>",Write a sentence such that it's clear that the thing doing the action actively chose to do the action,Write a sentence such that it's clear that the thing performing the action definitely did move while performing the action,Write a sentence such that it's clear that the thing to which the action was done was not affected at all by the action,Write a sentence such that it's clear that the action took a very long time.,Write a sentence such that it's clear that the thing to which the action was done was forever helped by the action,4,4,0,0,4,Volitionality ,Kinesis ,Harm ,Punctuality ,Benefit 
chocholate<br>doors<br>hands<br>mother<br>on<br>wife,boy<br>lover<br>man<br>mother,love,"<object width=""425"" height=""344""><param name=""movie"" value=""http://www.youtube.com/v/uKkFLRKhbSU&hl=de_DE&fs=1&rel=0&color1=0x5d1719&color2=0xcd311b""></param><param name=""allowFullScreen"" value=""true""></param><param name=""allowscriptaccess"" value=""always""></param><embed src=""http://www.youtube.com/v/uKkFLRKhbSU&autoplay=1&loop=1&hl=de_DE&fs=1&rel=0&color1=0x5d1719&color2=0xcd311b"" type=""application/x-shockwave-flash"" allowscriptaccess=""always"" allowfullscreen=""true"" width=""425"" height=""344""></embed></object>",Write a sentence such that it's clear that the thing to which the action was done was not affected at all by the action,Write a sentence such that it's clear that the thing to which the action was done was forever harmed by the action,Write a sentence such that it's clear that the action happened very quickly.,Write a sentence such that it's clear that the action has been completed.,Write a sentence such that it's clear that that the action is still going on.,0,4,4,4,0,Benefit ,Harm ,Punctuality ,Aspect ,Aspect 
chocholate<br>doors<br>hands<br>mother<br>on<br>wife,boy<br>lover<br>man<br>mother,love,"<object width=""425"" height=""344""><param name=""movie"" value=""http://www.youtube.com/v/uKkFLRKhbSU&hl=de_DE&fs=1&rel=0&color1=0x5d1719&color2=0xcd311b""></param><param name=""allowFullScreen"" value=""true""></param><param name=""allowscriptaccess"" value=""always""></param><embed src=""http://www.youtube.com/v/uKkFLRKhbSU&autoplay=1&loop=1&hl=de_DE&fs=1&rel=0&color1=0x5d1719&color2=0xcd311b"" type=""application/x-shockwave-flash"" allowscriptaccess=""always"" allowfullscreen=""true"" width=""425"" height=""344""></embed></object>",Write a sentence such that it's clear that the thing doing the action didn't choose to do the action,Write a sentence such that it's clear that there is no doubt whatsoever that the action happened,Write a sentence such that it's clear that the thing performing the action definitely did not move while performing the action,Write a sentence such that it's clear that the action definitely didn't happen and will never happen,Write a sentence such that it's clear that the thing doing the action actively chose to do the action,0,4,0,0,4,Volitionality ,Affirmation / Mode ,Kinesis ,Affirmation / Mode ,Volitionality 
children<br>friends,child<br>body builders<br>brother<br>dog<br>fire-fighter<br>fireman<br>friend<br>gentlemen<br>heroes<br>human being<br>knights<br>lifeguard<br>man<br>monkeys<br>nurse<br>policeman<br>rescuer<br>teammates<br>woman,help,"<object width=""425"" height=""344""><param name=""movie"" value=""http://www.youtube.com/v/CJAsK96V-lU&hl=de_DE&fs=1&rel=0&color1=0x5d1719&color2=0xcd311b""></param><param name=""allowFullScreen"" value=""true""></param><param name=""allowscriptaccess"" value=""always""></param><embed src=""http://www.youtube.com/v/CJAsK96V-lU&autoplay=1&loop=1&hl=de_DE&fs=1&rel=0&color1=0x5d1719&color2=0xcd311b"" type=""application/x-shockwave-flash"" allowscriptaccess=""always"" allowfullscreen=""true"" width=""425"" height=""344""></embed></object>",Write a sentence such that it's clear that the action has been completed.,Write a sentence such that it's clear that the action took a very long time.,Write a sentence such that it's clear that that the action is still going on.,Write a sentence such that it's clear that the thing doing the action didn't choose to do the action,Write a sentence such that it's clear that the thing to which the action was done was not affected at all by the action,4,0,0,0,0,Aspect ,Punctuality ,Aspect ,Volitionality ,Harm 
children<br>friends,child<br>body builders<br>brother<br>dog<br>fire-fighter<br>fireman<br>friend<br>gentlemen<br>heroes<br>human being<br>knights<br>lifeguard<br>man<br>monkeys<br>nurse<br>policeman<br>rescuer<br>teammates<br>woman,help,"<object width=""425"" height=""344""><param name=""movie"" value=""http://www.youtube.com/v/CJAsK96V-lU&hl=de_DE&fs=1&rel=0&color1=0x5d1719&color2=0xcd311b""></param><param name=""allowFullScreen"" value=""true""></param><param name=""allowscriptaccess"" value=""always""></param><embed src=""http://www.youtube.com/v/CJAsK96V-lU&autoplay=1&loop=1&hl=de_DE&fs=1&rel=0&color1=0x5d1719&color2=0xcd311b"" type=""application/x-shockwave-flash"" allowscriptaccess=""always"" allowfullscreen=""true"" width=""425"" height=""344""></embed></object>",Write a sentence such that it's clear that there is no doubt whatsoever that the action happened,Write a sentence such that it's clear that the thing performing the action definitely did not move while performing the action,Write a sentence such that it's clear that the thing to which the action was done was forever helped by the action,Write a sentence such that it's clear that the thing to which the action was done was forever harmed by the action,Write a sentence such that it's clear that the action happened very quickly.,4,0,4,4,4,Affirmation / Mode ,Kinesis ,Benefit ,Harm ,Punctuality 
children<br>friends,child<br>body builders<br>brother<br>dog<br>fire-fighter<br>fireman<br>friend<br>gentlemen<br>heroes<br>human being<br>knights<br>lifeguard<br>man<br>monkeys<br>nurse<br>policeman<br>rescuer<br>teammates<br>woman,help,"<object width=""425"" height=""344""><param name=""movie"" value=""http://www.youtube.com/v/CJAsK96V-lU&hl=de_DE&fs=1&rel=0&color1=0x5d1719&color2=0xcd311b""></param><param name=""allowFullScreen"" value=""true""></param><param name=""allowscriptaccess"" value=""always""></param><embed src=""http://www.youtube.com/v/CJAsK96V-lU&autoplay=1&loop=1&hl=de_DE&fs=1&rel=0&color1=0x5d1719&color2=0xcd311b"" type=""application/x-shockwave-flash"" allowscriptaccess=""always"" allowfullscreen=""true"" width=""425"" height=""344""></embed></object>",Write a sentence such that it's clear that the thing doing the action actively chose to do the action,Write a sentence such that it's clear that the action definitely didn't happen and will never happen,Write a sentence such that it's clear that the thing to which the action was done was not affected at all by the action,Write a sentence such that it's clear that the thing performing the action definitely did move while performing the action,Write a sentence such that it's clear that the action has been completed.,4,0,0,4,4,Volitionality ,Affirmation / Mode ,Benefit ,Kinesis ,Aspect 
books<br>clothes<br>dolls<br>food<br>fruits<br>gifts<br>ideas<br>milk<br>presents<br>self<br>shelter,animals<br>atm<br>human beings<br>machines<br>peon<br>seller,give,"<object width=""425"" height=""344""><param name=""movie"" value=""http://www.youtube.com/v/edjavtMI6Z0&hl=de_DE&fs=1&rel=0&color1=0x5d1719&color2=0xcd311b""></param><param name=""allowFullScreen"" value=""true""></param><param name=""allowscriptaccess"" value=""always""></param><embed src=""http://www.youtube.com/v/edjavtMI6Z0&autoplay=1&loop=1&hl=de_DE&fs=1&rel=0&color1=0x5d1719&color2=0xcd311b"" type=""application/x-shockwave-flash"" allowscriptaccess=""always"" allowfullscreen=""true"" width=""425"" height=""344""></embed></object>",Write a sentence such that it's clear that the action happened very quickly.,Write a sentence such that it's clear that the action definitely didn't happen and will never happen,Write a sentence such that it's clear that the thing doing the action didn't choose to do the action,Write a sentence such that it's clear that the thing performing the action definitely did not move while performing the action,Write a sentence such that it's clear that the thing to which the action was done was not affected at all by the action,4,0,0,0,0,Punctuality ,Affirmation / Mode ,Volitionality ,Kinesis ,Harm 
books<br>clothes<br>dolls<br>food<br>fruits<br>gifts<br>ideas<br>milk<br>presents<br>self<br>shelter,animals<br>atm<br>human beings<br>machines<br>peon<br>seller,give,"<object width=""425"" height=""344""><param name=""movie"" value=""http://www.youtube.com/v/edjavtMI6Z0&hl=de_DE&fs=1&rel=0&color1=0x5d1719&color2=0xcd311b""></param><param name=""allowFullScreen"" value=""true""></param><param name=""allowscriptaccess"" value=""always""></param><embed src=""http://www.youtube.com/v/edjavtMI6Z0&autoplay=1&loop=1&hl=de_DE&fs=1&rel=0&color1=0x5d1719&color2=0xcd311b"" type=""application/x-shockwave-flash"" allowscriptaccess=""always"" allowfullscreen=""true"" width=""425"" height=""344""></embed></object>",Write a sentence such that it's clear that that the action is still going on.,Write a sentence such that it's clear that the thing doing the action actively chose to do the action,Write a sentence such that it's clear that the thing to which the action was done was not affected at all by the action,Write a sentence such that it's clear that the thing to which the action was done was forever helped by the action,Write a sentence such that it's clear that the thing performing the action definitely did move while performing the action,0,4,0,4,4,Aspect ,Volitionality ,Benefit ,Benefit ,Kinesis 
books<br>clothes<br>dolls<br>food<br>fruits<br>gifts<br>ideas<br>milk<br>presents<br>self<br>shelter,animals<br>atm<br>human beings<br>machines<br>peon<br>seller,give,"<object width=""425"" height=""344""><param name=""movie"" value=""http://www.youtube.com/v/edjavtMI6Z0&hl=de_DE&fs=1&rel=0&color1=0x5d1719&color2=0xcd311b""></param><param name=""allowFullScreen"" value=""true""></param><param name=""allowscriptaccess"" value=""always""></param><embed src=""http://www.youtube.com/v/edjavtMI6Z0&autoplay=1&loop=1&hl=de_DE&fs=1&rel=0&color1=0x5d1719&color2=0xcd311b"" type=""application/x-shockwave-flash"" allowscriptaccess=""always"" allowfullscreen=""true"" width=""425"" height=""344""></embed></object>",Write a sentence such that it's clear that the action has been completed.,Write a sentence such that it's clear that there is no doubt whatsoever that the action happened,Write a sentence such that it's clear that the thing to which the action was done was forever harmed by the action,Write a sentence such that it's clear that the action took a very long time.,Write a sentence such that it's clear that the action happened very quickly.,4,4,4,0,4,Aspect ,Affirmation / Mode ,Harm ,Punctuality ,Punctuality 
children<br>crowd<br>elders<br>emotion<br>friend<br>game<br>idol<br>love<br>men<br>outcome<br>pain<br>people<br>sorrow<br>women,pets<br>babies<br>children<br>dog<br>friend<br>humans<br>husband<br>lover<br>me<br>people<br>you,feel,"<object width=""425"" height=""344""><param name=""movie"" value=""http://www.youtube.com/v/OI0e1_Z6Rgc&hl=de_DE&fs=1&rel=0&color1=0x5d1719&color2=0xcd311b""></param><param name=""allowFullScreen"" value=""true""></param><param name=""allowscriptaccess"" value=""always""></param><embed src=""http://www.youtube.com/v/OI0e1_Z6Rgc&autoplay=1&loop=1&hl=de_DE&fs=1&rel=0&color1=0x5d1719&color2=0xcd311b"" type=""application/x-shockwave-flash"" allowscriptaccess=""always"" allowfullscreen=""true"" width=""425"" height=""344""></embed></object>",Write a sentence such that it's clear that the thing to which the action was done was not affected at all by the action,Write a sentence such that it's clear that the action has been completed.,Write a sentence such that it's clear that that the action is still going on.,Write a sentence such that it's clear that the thing doing the action actively chose to do the action,Write a sentence such that it's clear that the action took a very long time.,0,4,0,4,0,Benefit ,Aspect ,Aspect ,Volitionality ,Punctuality 
children<br>crowd<br>elders<br>emotion<br>friend<br>game<br>idol<br>love<br>men<br>outcome<br>pain<br>people<br>sorrow<br>women,pets<br>babies<br>children<br>dog<br>friend<br>humans<br>husband<br>lover<br>me<br>people<br>you,feel,"<object width=""425"" height=""344""><param name=""movie"" value=""http://www.youtube.com/v/OI0e1_Z6Rgc&hl=de_DE&fs=1&rel=0&color1=0x5d1719&color2=0xcd311b""></param><param name=""allowFullScreen"" value=""true""></param><param name=""allowscriptaccess"" value=""always""></param><embed src=""http://www.youtube.com/v/OI0e1_Z6Rgc&autoplay=1&loop=1&hl=de_DE&fs=1&rel=0&color1=0x5d1719&color2=0xcd311b"" type=""application/x-shockwave-flash"" allowscriptaccess=""always"" allowfullscreen=""true"" width=""425"" height=""344""></embed></object>",Write a sentence such that it's clear that the action happened very quickly.,Write a sentence such that it's clear that the thing to which the action was done was forever helped by the action,Write a sentence such that it's clear that the thing performing the action definitely did move while performing the action,Write a sentence such that it's clear that the thing performing the action definitely did not move while performing the action,Write a sentence such that it's clear that there is no doubt whatsoever that the action happened,4,4,4,0,4,Punctuality ,Benefit ,Kinesis ,Kinesis ,Affirmation / Mode 
children<br>crowd<br>elders<br>emotion<br>friend<br>game<br>idol<br>love<br>men<br>outcome<br>pain<br>people<br>sorrow<br>women,pets<br>babies<br>children<br>dog<br>friend<br>humans<br>husband<br>lover<br>me<br>people<br>you,feel,"<object width=""425"" height=""344""><param name=""movie"" value=""http://www.youtube.com/v/OI0e1_Z6Rgc&hl=de_DE&fs=1&rel=0&color1=0x5d1719&color2=0xcd311b""></param><param name=""allowFullScreen"" value=""true""></param><param name=""allowscriptaccess"" value=""always""></param><embed src=""http://www.youtube.com/v/OI0e1_Z6Rgc&autoplay=1&loop=1&hl=de_DE&fs=1&rel=0&color1=0x5d1719&color2=0xcd311b"" type=""application/x-shockwave-flash"" allowscriptaccess=""always"" allowfullscreen=""true"" width=""425"" height=""344""></embed></object>",Write a sentence such that it's clear that the thing to which the action was done was not affected at all by the action,Write a sentence such that it's clear that the thing doing the action didn't choose to do the action,Write a sentence such that it's clear that the thing to which the action was done was forever harmed by the action,Write a sentence such that it's clear that the action definitely didn't happen and will never happen,Write a sentence such that it's clear that the thing to which the action was done was not affected at all by the action,0,0,4,0,0,Harm ,Volitionality ,Harm ,Affirmation / Mode ,Benefit 
baby<br>bell<br>boys<br>children<br>computer<br>dog<br>horn<br>humans<br>kids<br>men<br>music<br>people<br>phone<br>roommate<br>spouse<br>story<br>women,animals<br>human beings<br>listner<br>speaker,mind,"<object width=""425"" height=""344""><param name=""movie"" value=""http://www.youtube.com/v/KNUPKHH4228&hl=de_DE&fs=1&rel=0&color1=0x5d1719&color2=0xcd311b""></param><param name=""allowFullScreen"" value=""true""></param><param name=""allowscriptaccess"" value=""always""></param><embed src=""http://www.youtube.com/v/KNUPKHH4228&autoplay=1&loop=1&hl=de_DE&fs=1&rel=0&color1=0x5d1719&color2=0xcd311b"" type=""application/x-shockwave-flash"" allowscriptaccess=""always"" allowfullscreen=""true"" width=""425"" height=""344""></embed></object>",Write a sentence such that it's clear that the thing to which the action was done was not affected at all by the action,Write a sentence such that it's clear that the action has been completed.,Write a sentence such that it's clear that the thing doing the action didn't choose to do the action,Write a sentence such that it's clear that the thing performing the action definitely did move while performing the action,Write a sentence such that it's clear that the thing performing the action definitely did not move while performing the action,0,4,0,4,0,Harm ,Aspect ,Volitionality ,Kinesis ,Kinesis 
baby<br>bell<br>boys<br>children<br>computer<br>dog<br>horn<br>humans<br>kids<br>men<br>music<br>people<br>phone<br>roommate<br>spouse<br>story<br>women,animals<br>human beings<br>listner<br>speaker,mind,"<object width=""425"" height=""344""><param name=""movie"" value=""http://www.youtube.com/v/KNUPKHH4228&hl=de_DE&fs=1&rel=0&color1=0x5d1719&color2=0xcd311b""></param><param name=""allowFullScreen"" value=""true""></param><param name=""allowscriptaccess"" value=""always""></param><embed src=""http://www.youtube.com/v/KNUPKHH4228&autoplay=1&loop=1&hl=de_DE&fs=1&rel=0&color1=0x5d1719&color2=0xcd311b"" type=""application/x-shockwave-flash"" allowscriptaccess=""always"" allowfullscreen=""true"" width=""425"" height=""344""></embed></object>",Write a sentence such that it's clear that the action happened very quickly.,Write a sentence such that it's clear that the thing to which the action was done was not affected at all by the action,Write a sentence such that it's clear that the thing doing the action actively chose to do the action,Write a sentence such that it's clear that that the action is still going on.,Write a sentence such that it's clear that there is no doubt whatsoever that the action happened,4,0,4,0,4,Punctuality ,Benefit ,Volitionality ,Aspect ,Affirmation / Mode 
baby<br>bell<br>boys<br>children<br>computer<br>dog<br>horn<br>humans<br>kids<br>men<br>music<br>people<br>phone<br>roommate<br>spouse<br>story<br>women,animals<br>human beings<br>listner<br>speaker,mind,"<object width=""425"" height=""344""><param name=""movie"" value=""http://www.youtube.com/v/KNUPKHH4228&hl=de_DE&fs=1&rel=0&color1=0x5d1719&color2=0xcd311b""></param><param name=""allowFullScreen"" value=""true""></param><param name=""allowscriptaccess"" value=""always""></param><embed src=""http://www.youtube.com/v/KNUPKHH4228&autoplay=1&loop=1&hl=de_DE&fs=1&rel=0&color1=0x5d1719&color2=0xcd311b"" type=""application/x-shockwave-flash"" allowscriptaccess=""always"" allowfullscreen=""true"" width=""425"" height=""344""></embed></object>",Write a sentence such that it's clear that the action took a very long time.,Write a sentence such that it's clear that the action definitely didn't happen and will never happen,Write a sentence such that it's clear that the thing to which the action was done was forever helped by the action,Write a sentence such that it's clear that the thing to which the action was done was forever harmed by the action,Write a sentence such that it's clear that the thing to which the action was done was not affected at all by the action,0,0,4,4,0,Punctuality ,Affirmation / Mode ,Benefit ,Harm ,Harm 
door<br>window<br>a man locking the door<br>books<br>case<br>he is closing a door<br>mind<br>notes<br>subject<br>trunk,watchman<br>man<br>shopman,shut,"<object width=""425"" height=""344""><param name=""movie"" value=""http://www.youtube.com/v/T9k5tTLlAkg&hl=de_DE&fs=1&rel=0&color1=0x5d1719&color2=0xcd311b""></param><param name=""allowFullScreen"" value=""true""></param><param name=""allowscriptaccess"" value=""always""></param><embed src=""http://www.youtube.com/v/T9k5tTLlAkg&autoplay=1&loop=1&hl=de_DE&fs=1&rel=0&color1=0x5d1719&color2=0xcd311b"" type=""application/x-shockwave-flash"" allowscriptaccess=""always"" allowfullscreen=""true"" width=""425"" height=""344""></embed></object>",Write a sentence such that it's clear that the thing performing the action definitely did not move while performing the action,Write a sentence such that it's clear that the thing to which the action was done was forever harmed by the action,Write a sentence such that it's clear that the thing to which the action was done was not affected at all by the action,Write a sentence such that it's clear that the thing doing the action actively chose to do the action,Write a sentence such that it's clear that the action happened very quickly.,0,4,0,4,4,Kinesis ,Harm ,Benefit ,Volitionality ,Punctuality 
door<br>window<br>a man locking the door<br>books<br>case<br>he is closing a door<br>mind<br>notes<br>subject<br>trunk,watchman<br>man<br>shopman,shut,"<object width=""425"" height=""344""><param name=""movie"" value=""http://www.youtube.com/v/T9k5tTLlAkg&hl=de_DE&fs=1&rel=0&color1=0x5d1719&color2=0xcd311b""></param><param name=""allowFullScreen"" value=""true""></param><param name=""allowscriptaccess"" value=""always""></param><embed src=""http://www.youtube.com/v/T9k5tTLlAkg&autoplay=1&loop=1&hl=de_DE&fs=1&rel=0&color1=0x5d1719&color2=0xcd311b"" type=""application/x-shockwave-flash"" allowscriptaccess=""always"" allowfullscreen=""true"" width=""425"" height=""344""></embed></object>",Write a sentence such that it's clear that the action has been completed.,Write a sentence such that it's clear that the action took a very long time.,Write a sentence such that it's clear that the thing to which the action was done was not affected at all by the action,Write a sentence such that it's clear that the thing performing the action definitely did move while performing the action,Write a sentence such that it's clear that the thing to which the action was done was forever helped by the action,4,0,0,4,4,Aspect ,Punctuality ,Harm ,Kinesis ,Benefit 
door<br>window<br>a man locking the door<br>books<br>case<br>he is closing a door<br>mind<br>notes<br>subject<br>trunk,watchman<br>man<br>shopman,shut,"<object width=""425"" height=""344""><param name=""movie"" value=""http://www.youtube.com/v/T9k5tTLlAkg&hl=de_DE&fs=1&rel=0&color1=0x5d1719&color2=0xcd311b""></param><param name=""allowFullScreen"" value=""true""></param><param name=""allowscriptaccess"" value=""always""></param><embed src=""http://www.youtube.com/v/T9k5tTLlAkg&autoplay=1&loop=1&hl=de_DE&fs=1&rel=0&color1=0x5d1719&color2=0xcd311b"" type=""application/x-shockwave-flash"" allowscriptaccess=""always"" allowfullscreen=""true"" width=""425"" height=""344""></embed></object>",Write a sentence such that it's clear that the thing doing the action didn't choose to do the action,Write a sentence such that it's clear that there is no doubt whatsoever that the action happened,Write a sentence such that it's clear that that the action is still going on.,Write a sentence such that it's clear that the action definitely didn't happen and will never happen,Write a sentence such that it's clear that the thing performing the action definitely did not move while performing the action,0,4,0,0,0,Volitionality ,Affirmation / Mode ,Aspect ,Affirmation / Mode ,Kinesis 
birthday<br>box<br>car<br>children<br>dessert<br>dinner<br>door<br>flowers<br>gift<br>gifts<br>men<br>people<br>seniors<br>smile<br>speech<br>window<br>wine<br>women,friend<br>husband<br>aeroplane<br>brother<br>cats<br>delivery boy<br>dogs<br>family member<br>guest<br>kids<br>mentally disabed adults<br>moms<br>neighbor<br>steward/waiter<br>toddlers<br>truck<br>wife,bring,"<object width=""425"" height=""344""><param name=""movie"" value=""http://www.youtube.com/v/FG5y-0rEjog&hl=de_DE&fs=1&rel=0&color1=0x5d1719&color2=0xcd311b""></param><param name=""allowFullScreen"" value=""true""></param><param name=""allowscriptaccess"" value=""always""></param><embed src=""http://www.youtube.com/v/FG5y-0rEjog&autoplay=1&loop=1&hl=de_DE&fs=1&rel=0&color1=0x5d1719&color2=0xcd311b"" type=""application/x-shockwave-flash"" allowscriptaccess=""always"" allowfullscreen=""true"" width=""425"" height=""344""></embed></object>",Write a sentence such that it's clear that the action took a very long time.,Write a sentence such that it's clear that the thing doing the action actively chose to do the action,Write a sentence such that it's clear that the thing to which the action was done was forever harmed by the action,Write a sentence such that it's clear that there is no doubt whatsoever that the action happened,Write a sentence such that it's clear that the thing to which the action was done was forever helped by the action,0,4,4,4,4,Punctuality ,Volitionality ,Harm ,Affirmation / Mode ,Benefit 
