{
   "dataset_reader": {
      "char_skip": null,
      "debug": false,
      "first_sentence_only": false,
      "full_question_only": false,
      "lazy": false,
      "n_wiki_sentences": 0,
      "qanta_path": "backend/data/data/qanta/qanta.part_mapped.2018.04.18.json",
      "token_indexers": {
         "text": {
            "pretrained_model": "bert-base-uncased",
            "type": "bert-pretrained"
         }
      },
      "tokenizer": {
         "do_lowercase": true,
         "end_tokens": [ ],
         "model_name": "bert-base-uncased",
         "start_tokens": [ ],
         "type": "pretrained_transformer"
      },
      "type": "qanta",
      "wiki_path": "backend/qb_bert/data/wiki_lookup.json"
   },
   "iterator": {
      "batch_size": 32,
      "sorting_keys": [
         [
            "text",
            "num_tokens"
         ]
      ],
      "type": "bucket"
   },
   "model": {
      "dropout": 0.20000000000000001,
      "pool": "mean",
      "type": "bert_guesser"
   },
   "numpy_seed": 2,
   "pytorch_seed": 2,
   "random_seed": 2,
   "train_data_path": "part_guesstrain",
   "trainer": {
      "callbacks": [
         {
            "checkpointer": {
               "num_serialized_models_to_keep": 1
            },
            "type": "checkpoint"
         },
         {
            "patience": 2,
            "type": "track_metrics",
            "validation_metric": "+accuracy"
         },
         "validate",
         {
            "type": "log_to_tensorboard"
         },
         {
            "project_name": "qb-bert",
            "type": "log_to_comet"
         }
      ],
      "cuda_device": 0,
      "num_epochs": 50,
      "optimizer": {
         "lr": 3.0000000000000001e-05,
         "type": "adam"
      },
      "type": "callback"
   },
   "validation_data_path": "guessdev"
}
